node_id,test_id,pack_id,ra_id,ecl,selected_by,threshold,hfn1,sfn1,sf1,hfn2,sfn2,sf2,subcarrier_ind_nsc,pusch_start_subframe,modulation_coding_scheme_tbs,repetition_number,subcarrier_space,modulation_coding_scheme_imcs,modulation_coding_scheme_itbs,modulation_coding_scheme_qm,subcarrier_ind_isc,subcarrier_ind_len,resource_unit_number,result,expected_rapid
C08,1309,29,1,1,2,"[64446, 64346]",450,390,4,450,394,8,2048,12,88,2,1(SUBCARRIER_SPACE_15_KHZ),1,0,2,11,1,3,0(LL1_STORE_RAR_SUCCESS),21
C08,1312,13,1,0,2,"[64446, 64346]",141,448,8,141,449,9,1,12,88,1,1(SUBCARRIER_SPACE_15_KHZ),2,0,2,0,1,1,0(LL1_STORE_RAR_SUCCESS),12
C08,1312,39,1,1,2,"[64446, 64346]",308,326,4,308,330,8,2048,12,88,2,1(SUBCARRIER_SPACE_15_KHZ),1,0,2,11,1,3,0(LL1_STORE_RAR_SUCCESS),12
C08,1313,5,1,1,2,"[64446, 64346]",359,70,4,359,74,8,128,12,88,2,1(SUBCARRIER_SPACE_15_KHZ),1,0,2,7,1,3,0(LL1_STORE_RAR_SUCCESS),45
C08,1313,37,1,2,2,"[64446, 64346]",564,652,8,564,670,7,128,12,88,2,1(SUBCARRIER_SPACE_15_KHZ),1,0,2,7,1,3,0(LL1_STORE_RAR_SUCCESS),38
C08,1315,7,1,1,2,"[64446, 64346]",872,582,4,872,586,8,2048,12,88,2,1(SUBCARRIER_SPACE_15_KHZ),1,0,2,11,1,3,0(LL1_STORE_RAR_SUCCESS),22
C08,1315,7,2,1,2,"[64446, 64346]",872,646,4,872,650,8,1024,12,88,2,1(SUBCARRIER_SPACE_15_KHZ),1,0,2,10,1,3,0(LL1_STORE_RAR_SUCCESS),17
C08,1315,29,1,1,2,"[64446, 64346]",1017,134,4,1017,138,8,1,12,88,1,1(SUBCARRIER_SPACE_15_KHZ),2,0,2,0,1,1,0(LL1_STORE_RAR_SUCCESS),15
C08,1316,6,1,0,2,"[64446, 64346]",120,576,8,120,577,9,1,12,88,1,1(SUBCARRIER_SPACE_15_KHZ),2,0,2,0,1,1,0(LL1_STORE_RAR_SUCCESS),40
C08,1316,6,2,0,2,"[64446, 64346]",120,640,8,120,641,9,1,12,88,1,1(SUBCARRIER_SPACE_15_KHZ),2,0,2,0,1,1,0(LL1_STORE_RAR_SUCCESS),42
C08,1316,6,3,0,2,"[64446, 64346]",120,640,8,120,641,9,1,12,88,1,1(SUBCARRIER_SPACE_15_KHZ),2,0,2,0,1,1,0(LL1_STORE_RAR_SUCCESS),45
C08,1316,6,4,0,2,"[64446, 64346]",120,704,8,120,705,9,1,12,88,1,1(SUBCARRIER_SPACE_15_KHZ),2,0,2,0,1,1,0(LL1_STORE_RAR_SUCCESS),44
C05,1303,2,1,0,2,"[64466, 64366]",572,832,8,572,833,9,1,12,88,1,1(SUBCARRIER_SPACE_15_KHZ),2,0,2,0,1,1,0(LL1_STORE_RAR_SUCCESS),43
C05,1304,12,1,1,2,"[64466, 64366]",891,134,4,891,138,8,2048,12,88,2,1(SUBCARRIER_SPACE_15_KHZ),1,0,2,11,1,3,0(LL1_STORE_RAR_SUCCESS),13
C07,1201,4,1,1,2,"[64446, 64346]",739,454,4,739,458,8,64,12,88,2,1(SUBCARRIER_SPACE_15_KHZ),1,0,2,6,1,3,0(LL1_STORE_RAR_SUCCESS),35
C07,1201,8,1,0,2,"[64446, 64346]",793,896,8,793,897,9,1,12,88,1,1(SUBCARRIER_SPACE_15_KHZ),2,0,2,0,1,1,0(LL1_STORE_RAR_SUCCESS),27
C07,1201,10,1,2,2,"[64446, 64346]",814,12,8,814,30,7,16,12,88,32,1(SUBCARRIER_SPACE_15_KHZ),0,0,1,4,1,4,0(LL1_STORE_RAR_SUCCESS),36
C07,1201,12,1,0,2,"[64446, 64346]",834,448,8,834,449,9,2048,12,88,2,1(SUBCARRIER_SPACE_15_KHZ),1,0,2,11,1,3,0(LL1_STORE_RAR_SUCCESS),35
C07,1201,16,1,1,2,"[64446, 64346]",872,774,4,872,778,8,1024,12,88,2,1(SUBCARRIER_SPACE_15_KHZ),1,0,2,10,1,3,0(LL1_STORE_RAR_SUCCESS),26
C07,1203,1,1,1,2,"[64446, 64346]",214,966,4,214,970,8,2048,12,88,2,1(SUBCARRIER_SPACE_15_KHZ),1,0,2,11,1,3,0(LL1_STORE_RAR_SUCCESS),26
C07,1204,5,1,1,2,"[64446, 64346]",527,6,4,527,10,8,64,12,88,2,1(SUBCARRIER_SPACE_15_KHZ),1,0,2,6,1,3,0(LL1_STORE_RAR_SUCCESS),36
C07,1205,3,1,1,2,"[64446, 64346]",746,966,4,746,970,8,2048,12,88,2,1(SUBCARRIER_SPACE_15_KHZ),1,0,2,11,1,3,0(LL1_STORE_RAR_SUCCESS),33
C07,1205,13,1,0,2,"[64446, 64346]",854,768,8,854,769,9,1,12,88,1,1(SUBCARRIER_SPACE_15_KHZ),2,0,2,0,1,1,0(LL1_STORE_RAR_SUCCESS),34
C07,1207,10,1,1,2,"[64446, 64346]",396,454,4,396,458,8,16,12,88,32,1(SUBCARRIER_SPACE_15_KHZ),0,0,1,4,1,4,0(LL1_STORE_RAR_SUCCESS),26
C07,1208,6,1,1,2,"[64446, 64346]",621,966,4,621,970,8,2048,12,88,2,1(SUBCARRIER_SPACE_15_KHZ),1,0,2,11,1,3,0(LL1_STORE_RAR_SUCCESS),33
C07,1209,10,1,1,2,"[64446, 64346]",947,966,4,947,970,8,2048,12,88,2,1(SUBCARRIER_SPACE_15_KHZ),1,0,2,11,1,3,0(LL1_STORE_RAR_SUCCESS),32
C07,1209,16,1,1,2,"[64446, 64346]",1022,326,4,1022,330,8,2048,12,88,2,1(SUBCARRIER_SPACE_15_KHZ),1,0,2,11,1,3,0(LL1_STORE_RAR_SUCCESS),25
C07,1209,18,1,1,2,"[64446, 64346]",25,262,4,25,266,8,2048,12,88,2,1(SUBCARRIER_SPACE_15_KHZ),1,0,2,11,1,3,0(LL1_STORE_RAR_SUCCESS),25
C07,1304,15,1,1,2,"[64446, 64346]",905,966,4,905,970,8,2048,12,88,2,1(SUBCARRIER_SPACE_15_KHZ),1,0,2,11,1,3,0(LL1_STORE_RAR_SUCCESS),16
C07,1304,15,2,1,2,"[64446, 64346]",908,6,4,908,10,8,2048,12,88,2,1(SUBCARRIER_SPACE_15_KHZ),1,0,2,11,1,3,0(LL1_STORE_RAR_SUCCESS),21
C07,1304,17,1,1,2,"[64446, 64346]",926,838,4,926,842,8,2048,12,88,2,1(SUBCARRIER_SPACE_15_KHZ),1,0,2,11,1,3,0(LL1_STORE_RAR_SUCCESS),19
C07,1304,19,1,1,2,"[64446, 64346]",943,390,4,943,394,8,2048,12,88,2,1(SUBCARRIER_SPACE_15_KHZ),1,0,2,11,1,3,0(LL1_STORE_RAR_SUCCESS),12
C07,1304,25,1,1,2,"[64446, 64346]",997,454,4,997,458,8,2048,12,88,2,1(SUBCARRIER_SPACE_15_KHZ),1,0,2,11,1,3,0(LL1_STORE_RAR_SUCCESS),16
C07,1306,8,1,0,2,"[64446, 64346]",378,320,8,378,321,9,1,12,88,1,1(SUBCARRIER_SPACE_15_KHZ),2,0,2,0,1,1,0(LL1_STORE_RAR_SUCCESS),22
C07,1307,18,1,1,2,"[64446, 64346]",747,518,4,747,522,8,2048,12,88,2,1(SUBCARRIER_SPACE_15_KHZ),1,0,2,11,1,3,0(LL1_STORE_RAR_SUCCESS),19
C08,1201,18,1,2,2,"[64446, 64346]",877,140,8,877,158,7,16,12,88,32,1(SUBCARRIER_SPACE_15_KHZ),0,0,1,4,1,4,0(LL1_STORE_RAR_SUCCESS),24
C08,1203,6,1,1,2,"[64446, 64346]",220,6,4,220,10,8,2048,12,88,2,1(SUBCARRIER_SPACE_15_KHZ),1,0,2,11,1,3,0(LL1_STORE_RAR_SUCCESS),16
C08,1203,10,1,1,2,"[64446, 64346]",253,960,8,253,961,9,1,12,88,1,1(SUBCARRIER_SPACE_15_KHZ),2,0,2,0,1,1,0(LL1_STORE_RAR_SUCCESS),17
C08,1203,16,1,0,2,"[64446, 64346]",309,320,8,309,321,9,1,12,88,1,1(SUBCARRIER_SPACE_15_KHZ),2,0,2,0,1,1,0(LL1_STORE_RAR_SUCCESS),23
C08,1205,2,1,1,2,"[64446, 64346]",953,774,4,953,778,8,2048,12,88,2,1(SUBCARRIER_SPACE_15_KHZ),1,0,2,11,1,3,0(LL1_STORE_RAR_SUCCESS),21
C08,1206,5,1,0,2,"[64446, 64346]",746,704,8,746,705,9,1,12,88,1,1(SUBCARRIER_SPACE_15_KHZ),2,0,2,0,1,1,0(LL1_STORE_RAR_SUCCESS),15
C08,1206,5,2,0,2,"[64446, 64346]",746,768,8,746,769,9,1,12,88,1,1(SUBCARRIER_SPACE_15_KHZ),2,0,2,0,1,1,0(LL1_STORE_RAR_SUCCESS),22
C08,1206,5,3,0,2,"[64446, 64346]",746,768,8,746,769,9,1,12,88,1,1(SUBCARRIER_SPACE_15_KHZ),2,0,2,0,1,1,0(LL1_STORE_RAR_SUCCESS),21
C08,1206,23,1,0,2,"[64446, 64346]",910,448,8,910,449,9,1,12,88,1,1(SUBCARRIER_SPACE_15_KHZ),2,0,2,0,1,1,0(LL1_STORE_RAR_SUCCESS),12
C08,1303,5,1,0,2,"[64446, 64346]",531,832,8,531,833,9,1,12,88,1,1(SUBCARRIER_SPACE_15_KHZ),2,0,2,0,1,1,0(LL1_STORE_RAR_SUCCESS),14
C08,1303,17,1,0,2,"[64446, 64346]",644,768,8,644,769,9,1,12,88,1,1(SUBCARRIER_SPACE_15_KHZ),2,0,2,0,1,1,0(LL1_STORE_RAR_SUCCESS),23
C08,1303,17,2,0,2,"[64446, 64346]",644,768,8,644,769,9,1,12,88,1,1(SUBCARRIER_SPACE_15_KHZ),2,0,2,0,1,1,0(LL1_STORE_RAR_SUCCESS),18
C08,1304,5,1,0,2,"[64446, 64346]",766,512,8,766,513,9,1,12,88,1,1(SUBCARRIER_SPACE_15_KHZ),2,0,2,0,1,1,0(LL1_STORE_RAR_SUCCESS),42
C08,1304,7,1,0,2,"[64446, 64346]",784,448,8,784,449,9,128,12,88,2,1(SUBCARRIER_SPACE_15_KHZ),1,0,2,7,1,3,0(LL1_STORE_RAR_SUCCESS),46
C08,1308,23,1,1,2,"[64446, 64346]",1011,198,4,1011,202,8,2048,12,88,2,1(SUBCARRIER_SPACE_15_KHZ),1,0,2,11,1,3,0(LL1_STORE_RAR_SUCCESS),35
C05,1009,13,1,1,2,"[64466, 64366]",649,326,4,649,330,8,128,12,88,32,1(SUBCARRIER_SPACE_15_KHZ),0,0,1,7,1,4,0(LL1_STORE_RAR_SUCCESS),22
C05,1009,21,1,1,2,"[64466, 64366]",728,966,4,728,970,8,128,12,88,32,1(SUBCARRIER_SPACE_15_KHZ),0,0,1,7,1,4,0(LL1_STORE_RAR_SUCCESS),12
C05,1009,25,1,2,2,"[64466, 64366]",770,518,4,770,522,8,128,12,88,32,1(SUBCARRIER_SPACE_15_KHZ),0,0,1,7,1,4,0(LL1_STORE_RAR_SUCCESS),20
C05,1010,2,1,1,2,"[64466, 64366]",900,518,4,900,522,8,16,12,88,32,1(SUBCARRIER_SPACE_15_KHZ),0,0,1,4,1,4,0(LL1_STORE_RAR_SUCCESS),33
C05,1010,4,1,2,2,"[64466, 64366]",913,6,4,913,10,8,128,12,88,32,1(SUBCARRIER_SPACE_15_KHZ),0,0,1,7,1,4,0(LL1_STORE_RAR_SUCCESS),18
C05,1010,6,1,2,2,"[64466, 64366]",942,774,4,942,778,8,16,12,88,32,1(SUBCARRIER_SPACE_15_KHZ),0,0,1,4,1,4,0(LL1_STORE_RAR_SUCCESS),29
C05,1010,22,1,1,2,"[64466, 64366]",91,710,4,91,714,8,16,12,88,32,1(SUBCARRIER_SPACE_15_KHZ),0,0,1,4,1,4,0(LL1_STORE_RAR_SUCCESS),34
C05,1010,24,1,2,2,"[64466, 64366]",119,134,4,119,138,8,16,12,88,32,1(SUBCARRIER_SPACE_15_KHZ),0,0,1,4,1,4,0(LL1_STORE_RAR_SUCCESS),45
C05,1101,4,1,1,2,"[64466, 64366]",673,966,4,673,970,8,16,12,88,32,1(SUBCARRIER_SPACE_15_KHZ),0,0,1,4,1,4,0(LL1_STORE_RAR_SUCCESS),40
C05,1101,14,1,2,2,"[64466, 64366]",778,262,4,778,266,8,16,12,88,32,1(SUBCARRIER_SPACE_15_KHZ),0,0,1,4,1,4,0(LL1_STORE_RAR_SUCCESS),25
C05,1101,20,1,2,2,"[64466, 64366]",855,6,4,855,10,8,16,12,88,32,1(SUBCARRIER_SPACE_15_KHZ),0,0,1,4,1,4,0(LL1_STORE_RAR_SUCCESS),45
C05,1101,22,1,2,2,"[64466, 64366]",878,518,4,878,522,8,16,12,88,32,1(SUBCARRIER_SPACE_15_KHZ),0,0,1,4,1,4,0(LL1_STORE_RAR_SUCCESS),36
C05,1101,24,1,2,2,"[64466, 64366]",900,582,4,900,586,8,16,12,88,32,1(SUBCARRIER_SPACE_15_KHZ),0,0,1,4,1,4,0(LL1_STORE_RAR_SUCCESS),41
C05,1104,1,1,2,2,"[64466, 64366]",98,780,8,98,798,7,16,12,88,32,1(SUBCARRIER_SPACE_15_KHZ),0,0,1,4,1,4,0(LL1_STORE_RAR_SUCCESS),40
C05,1104,1,2,1,2,"[64466, 64366]",54,70,4,54,74,8,16,12,88,32,1(SUBCARRIER_SPACE_15_KHZ),0,0,1,4,1,4,0(LL1_STORE_RAR_SUCCESS),47
C05,1104,1,3,1,2,"[64466, 64366]",54,134,4,54,138,8,2048,12,88,2,1(SUBCARRIER_SPACE_15_KHZ),1,0,2,11,1,3,0(LL1_STORE_RAR_SUCCESS),21
C06,1005,6,1,1,2,"[64466, 64366]",825,582,4,825,586,8,128,12,88,2,1(SUBCARRIER_SPACE_15_KHZ),1,0,2,7,1,3,0(LL1_STORE_RAR_SUCCESS),47
C06,1005,6,2,1,2,"[64466, 64366]",827,710,4,827,714,8,128,12,88,2,1(SUBCARRIER_SPACE_15_KHZ),1,0,2,7,1,3,0(LL1_STORE_RAR_SUCCESS),45
C06,1005,8,1,1,2,"[64466, 64366]",829,198,4,829,202,8,16,12,88,32,1(SUBCARRIER_SPACE_15_KHZ),0,0,1,4,1,4,0(LL1_STORE_RAR_SUCCESS),45
C06,1005,20,1,0,2,"[64466, 64366]",976,576,8,976,577,9,16,12,88,4,1(SUBCARRIER_SPACE_15_KHZ),1,0,2,4,1,3,0(LL1_STORE_RAR_SUCCESS),8
C06,1005,20,2,1,2,"[64466, 64366]",976,646,4,976,650,8,1,12,88,1,1(SUBCARRIER_SPACE_15_KHZ),2,0,2,0,1,1,0(LL1_STORE_RAR_SUCCESS),39
C06,1005,22,1,2,2,"[64466, 64366]",976,326,4,976,330,8,16,12,88,32,1(SUBCARRIER_SPACE_15_KHZ),0,0,1,4,1,4,0(LL1_STORE_RAR_SUCCESS),39
C06,1008,19,1,1,2,"[64466, 64366]",303,774,4,303,778,8,16,12,88,32,1(SUBCARRIER_SPACE_15_KHZ),0,0,1,4,1,4,0(LL1_STORE_RAR_SUCCESS),40
C06,1009,2,1,2,2,"[64466, 64366]",430,76,8,430,94,7,16,12,88,32,1(SUBCARRIER_SPACE_15_KHZ),0,0,1,4,1,4,0(LL1_STORE_RAR_SUCCESS),30
C06,1101,3,1,2,2,"[64466, 64366]",605,6,4,605,10,8,128,12,88,32,1(SUBCARRIER_SPACE_15_KHZ),0,0,1,7,1,4,0(LL1_STORE_RAR_SUCCESS),17
C06,1104,18,1,2,2,"[64466, 64366]",297,774,4,297,778,8,128,12,88,32,1(SUBCARRIER_SPACE_15_KHZ),0,0,1,7,1,4,0(LL1_STORE_RAR_SUCCESS),22
C06,1105,17,1,1,2,"[64466, 64366]",605,390,4,605,394,8,128,12,88,32,1(SUBCARRIER_SPACE_15_KHZ),0,0,1,7,1,4,0(LL1_STORE_RAR_SUCCESS),14
C06,1105,19,1,1,2,"[64466, 64366]",625,774,4,625,778,8,128,12,88,32,1(SUBCARRIER_SPACE_15_KHZ),0,0,1,7,1,4,0(LL1_STORE_RAR_SUCCESS),16
C06,1105,25,1,1,2,"[64466, 64366]",688,774,4,688,778,8,128,12,88,32,1(SUBCARRIER_SPACE_15_KHZ),0,0,1,7,1,4,0(LL1_STORE_RAR_SUCCESS),19
C07,1004,25,1,1,2,"[64446, 64346]",731,326,4,731,330,8,128,12,88,2,1(SUBCARRIER_SPACE_15_KHZ),1,0,2,7,1,3,0(LL1_STORE_RAR_SUCCESS),43
C07,1004,25,2,0,2,"[64446, 64346]",731,384,8,731,385,9,2048,12,88,2,1(SUBCARRIER_SPACE_15_KHZ),1,0,2,11,1,3,0(LL1_STORE_RAR_SUCCESS),33
C07,1004,25,3,0,2,"[64446, 64346]",731,384,8,731,385,9,128,12,88,2,1(SUBCARRIER_SPACE_15_KHZ),1,0,2,7,1,3,0(LL1_STORE_RAR_SUCCESS),43
C07,1006,17,1,0,2,"[64446, 64346]",314,320,8,314,321,9,64,12,88,2,1(SUBCARRIER_SPACE_15_KHZ),1,0,2,6,1,3,0(LL1_STORE_RAR_SUCCESS),40
C07,1007,19,1,0,2,"[64446, 64346]",748,0,8,748,1,9,1,12,88,1,1(SUBCARRIER_SPACE_15_KHZ),2,0,2,0,1,1,0(LL1_STORE_RAR_SUCCESS),39
C07,1010,10,1,1,2,"[64446, 64346]",974,460,8,974,478,7,32,12,88,2,1(SUBCARRIER_SPACE_15_KHZ),1,0,2,5,1,3,0(LL1_STORE_RAR_SUCCESS),34
C07,1010,14,1,1,2,"[64446, 64346]",1015,454,4,1015,458,8,128,12,88,32,1(SUBCARRIER_SPACE_15_KHZ),0,0,1,7,1,4,0(LL1_STORE_RAR_SUCCESS),12
C07,1010,18,1,1,2,"[64446, 64346]",41,838,4,41,842,8,128,12,88,2,1(SUBCARRIER_SPACE_15_KHZ),1,0,2,7,1,3,0(LL1_STORE_RAR_SUCCESS),39
C07,1011,9,1,2,2,"[64446, 64346]",290,390,4,290,394,8,512,12,88,32,1(SUBCARRIER_SPACE_15_KHZ),0,0,1,9,1,4,0(LL1_STORE_RAR_SUCCESS),19
C07,1011,11,1,2,3,"[64446, 64346]",313,262,4,313,266,8,2048,12,88,2,1(SUBCARRIER_SPACE_15_KHZ),1,0,2,11,1,3,0(LL1_STORE_RAR_SUCCESS),22
C07,1101,16,1,1,2,"[64446, 64346]",786,838,4,786,842,8,1,12,88,1,1(SUBCARRIER_SPACE_15_KHZ),2,0,2,0,1,1,0(LL1_STORE_RAR_SUCCESS),14
C07,1102,13,1,0,2,"[64446, 64346]",582,448,8,582,449,9,1,12,88,1,1(SUBCARRIER_SPACE_15_KHZ),2,0,2,0,1,1,0(LL1_STORE_RAR_SUCCESS),39
C07,1102,21,1,0,2,"[64446, 64346]",679,448,8,679,449,9,1,12,88,1,1(SUBCARRIER_SPACE_15_KHZ),2,0,2,0,1,1,0(LL1_STORE_RAR_SUCCESS),43
C07,1103,10,1,1,2,"[64446, 64346]",882,134,4,882,138,8,1,12,88,1,1(SUBCARRIER_SPACE_15_KHZ),2,0,2,0,1,1,0(LL1_STORE_RAR_SUCCESS),39
C07,1103,10,2,0,2,"[64446, 64346]",882,192,8,882,193,9,128,12,88,2,1(SUBCARRIER_SPACE_15_KHZ),1,0,2,7,1,3,0(LL1_STORE_RAR_SUCCESS),40
C07,1103,16,1,0,2,"[64446, 64346]",956,384,8,956,385,9,1,12,88,1,1(SUBCARRIER_SPACE_15_KHZ),2,0,2,0,1,1,0(LL1_STORE_RAR_SUCCESS),41
C07,1104,17,1,1,2,"[64446, 64346]",230,390,4,230,394,8,1,12,88,1,1(SUBCARRIER_SPACE_15_KHZ),2,0,2,0,1,1,0(LL1_STORE_RAR_SUCCESS),39
C08,1004,5,1,2,2,"[64446, 64346]",454,454,4,454,458,8,64,12,88,2,1(SUBCARRIER_SPACE_15_KHZ),1,0,2,6,1,3,0(LL1_STORE_RAR_SUCCESS),38
C08,1004,5,2,1,2,"[64446, 64346]",454,518,4,454,522,8,32,12,88,32,1(SUBCARRIER_SPACE_15_KHZ),0,0,1,5,1,4,0(LL1_STORE_RAR_SUCCESS),41
C08,1004,5,3,1,2,"[64446, 64346]",454,582,4,454,586,8,64,12,88,2,1(SUBCARRIER_SPACE_15_KHZ),1,0,2,6,1,3,0(LL1_STORE_RAR_SUCCESS),35
C08,1004,9,1,2,2,"[64446, 64346]",497,972,8,497,990,7,64,12,88,2,1(SUBCARRIER_SPACE_15_KHZ),1,0,2,6,1,3,0(LL1_STORE_RAR_SUCCESS),43
C08,1004,9,2,1,2,"[64446, 64346]",498,6,4,498,10,8,16,12,88,32,1(SUBCARRIER_SPACE_15_KHZ),0,0,1,4,1,4,0(LL1_STORE_RAR_SUCCESS),38
C08,1004,9,3,2,2,"[64446, 64346]",498,204,8,498,222,7,32,12,88,2,1(SUBCARRIER_SPACE_15_KHZ),1,0,2,5,1,3,0(LL1_STORE_RAR_SUCCESS),36
C08,1004,9,4,2,2,"[64446, 64346]",498,268,8,498,286,7,16,12,88,32,1(SUBCARRIER_SPACE_15_KHZ),0,0,1,4,1,4,0(LL1_STORE_RAR_SUCCESS),35
C08,1004,9,5,2,2,"[64446, 64346]",498,332,8,498,350,7,32,12,88,2,1(SUBCARRIER_SPACE_15_KHZ),1,0,2,5,1,3,0(LL1_STORE_RAR_SUCCESS),38
C08,1004,9,6,1,2,"[64446, 64346]",498,582,4,498,586,8,64,12,88,2,1(SUBCARRIER_SPACE_15_KHZ),1,0,2,6,1,3,0(LL1_STORE_RAR_SUCCESS),39
C08,1004,9,7,2,2,"[64446, 64346]",498,844,8,498,862,7,32,12,88,2,1(SUBCARRIER_SPACE_15_KHZ),1,0,2,5,1,3,0(LL1_STORE_RAR_SUCCESS),36
C08,1004,9,8,1,2,"[64446, 64346]",499,326,4,499,330,8,32,12,88,2,1(SUBCARRIER_SPACE_15_KHZ),1,0,2,5,1,3,0(LL1_STORE_RAR_SUCCESS),39
C08,1004,9,9,1,2,"[64446, 64346]",499,646,4,499,650,8,64,12,88,2,1(SUBCARRIER_SPACE_15_KHZ),1,0,2,6,1,3,0(LL1_STORE_RAR_SUCCESS),42
C08,1004,13,1,1,2,"[64446, 64346]",538,198,4,538,202,8,2048,12,88,2,1(SUBCARRIER_SPACE_15_KHZ),1,0,2,11,1,3,0(LL1_STORE_RAR_SUCCESS),29
C08,1004,13,2,1,2,"[64446, 64346]",538,326,4,538,330,8,0,13,1,1,144(Enum Not Found),0,10,2,1,0,0,1(LL1_STORE_RAR_NO_MATCHING_RAPID),25
C08,1004,13,3,0,2,"[64446, 64346]",538,518,4,538,522,8,2048,12,88,2,1(SUBCARRIER_SPACE_15_KHZ),1,0,2,11,1,3,0(LL1_STORE_RAR_SUCCESS),22
C08,1004,13,4,0,2,"[64446, 64346]",538,646,4,538,650,8,1024,12,88,2,1(SUBCARRIER_SPACE_15_KHZ),1,0,2,10,1,3,0(LL1_STORE_RAR_SUCCESS),23
C08,1004,13,5,0,2,"[64446, 64346]",538,768,8,538,769,9,1024,12,88,2,1(SUBCARRIER_SPACE_15_KHZ),1,0,2,10,1,3,0(LL1_STORE_RAR_SUCCESS),28
C08,1004,13,6,0,2,"[64446, 64346]",538,832,8,538,833,9,2048,12,88,2,1(SUBCARRIER_SPACE_15_KHZ),1,0,2,11,1,3,0(LL1_STORE_RAR_SUCCESS),26
C08,1004,13,7,0,2,"[64446, 64346]",538,896,8,538,897,9,2048,12,88,2,1(SUBCARRIER_SPACE_15_KHZ),1,0,2,11,1,3,0(LL1_STORE_RAR_SUCCESS),29
C08,1004,19,1,1,2,"[64446, 64346]",596,518,4,596,522,8,16,12,88,32,1(SUBCARRIER_SPACE_15_KHZ),0,0,1,4,1,4,0(LL1_STORE_RAR_SUCCESS),37
C08,1004,19,2,1,2,"[64446, 64346]",596,582,4,596,586,8,32,12,88,2,1(SUBCARRIER_SPACE_15_KHZ),1,0,2,5,1,3,0(LL1_STORE_RAR_SUCCESS),39
C08,1004,19,3,1,2,"[64446, 64346]",596,646,4,596,650,8,16,12,88,32,1(SUBCARRIER_SPACE_15_KHZ),0,0,1,4,1,4,0(LL1_STORE_RAR_SUCCESS),42
C08,1004,21,1,1,2,"[64446, 64346]",619,518,4,619,522,8,32,12,88,32,1(SUBCARRIER_SPACE_15_KHZ),0,0,1,5,1,4,0(LL1_STORE_RAR_SUCCESS),42
C08,1004,23,1,2,2,"[64446, 64346]",636,268,8,636,286,7,16,12,88,32,1(SUBCARRIER_SPACE_15_KHZ),0,0,1,4,1,4,0(LL1_STORE_RAR_SUCCESS),44
C08,1004,23,2,1,2,"[64446, 64346]",636,518,4,636,522,8,32,12,88,2,1(SUBCARRIER_SPACE_15_KHZ),1,0,2,5,1,3,0(LL1_STORE_RAR_SUCCESS),41
C08,1005,2,1,2,2,"[64446, 64346]",755,396,8,755,414,7,128,12,88,32,1(SUBCARRIER_SPACE_15_KHZ),0,0,1,7,1,4,0(LL1_STORE_RAR_SUCCESS),21
C08,1005,6,1,2,2,"[64446, 64346]",796,140,8,796,158,7,128,12,88,32,1(SUBCARRIER_SPACE_15_KHZ),0,0,1,7,1,4,0(LL1_STORE_RAR_SUCCESS),18
C08,1005,14,1,2,2,"[64446, 64346]",877,140,8,877,158,7,128,12,88,32,1(SUBCARRIER_SPACE_15_KHZ),0,0,1,7,1,4,0(LL1_STORE_RAR_SUCCESS),19
C08,1005,14,2,2,2,"[64446, 64346]",877,524,8,877,542,7,128,12,88,32,1(SUBCARRIER_SPACE_15_KHZ),0,0,1,7,1,4,0(LL1_STORE_RAR_SUCCESS),21
C08,1005,14,3,2,2,"[64446, 64346]",877,588,8,877,606,7,128,12,88,32,1(SUBCARRIER_SPACE_15_KHZ),0,0,1,7,1,4,0(LL1_STORE_RAR_SUCCESS),23
C08,1005,14,4,2,2,"[64446, 64346]",878,140,8,878,158,7,128,12,88,32,1(SUBCARRIER_SPACE_15_KHZ),0,0,1,7,1,4,0(LL1_STORE_RAR_SUCCESS),16
C08,1006,4,1,2,2,"[64446, 64346]",138,204,8,138,222,7,256,12,88,32,1(SUBCARRIER_SPACE_15_KHZ),0,0,1,8,1,4,0(LL1_STORE_RAR_SUCCESS),18
C08,1006,4,2,2,2,"[64446, 64346]",138,268,8,138,286,7,128,12,88,32,1(SUBCARRIER_SPACE_15_KHZ),0,0,1,7,1,4,0(LL1_STORE_RAR_SUCCESS),19
C08,1006,16,1,1,2,"[64446, 64346]",254,396,8,254,414,7,256,12,88,32,1(SUBCARRIER_SPACE_15_KHZ),0,0,1,8,1,4,0(LL1_STORE_RAR_SUCCESS),15
C08,1006,20,1,2,2,"[64446, 64346]",293,332,8,293,350,7,128,12,88,32,1(SUBCARRIER_SPACE_15_KHZ),0,0,1,7,1,4,0(LL1_STORE_RAR_SUCCESS),23
C08,1006,20,2,2,2,"[64446, 64346]",293,716,8,293,734,7,128,12,88,32,1(SUBCARRIER_SPACE_15_KHZ),0,0,1,7,1,4,0(LL1_STORE_RAR_SUCCESS),18
C08,1006,20,3,2,2,"[64446, 64346]",293,780,8,293,798,7,128,12,88,32,1(SUBCARRIER_SPACE_15_KHZ),0,0,1,7,1,4,0(LL1_STORE_RAR_SUCCESS),17
C08,1006,20,4,2,2,"[64446, 64346]",294,140,8,294,158,7,128,12,88,32,1(SUBCARRIER_SPACE_15_KHZ),0,0,1,7,1,4,0(LL1_STORE_RAR_SUCCESS),21
C08,1006,20,5,2,2,"[64446, 64346]",294,204,8,294,222,7,128,12,88,32,1(SUBCARRIER_SPACE_15_KHZ),0,0,1,7,1,4,0(LL1_STORE_RAR_SUCCESS),22
C08,1006,20,6,2,2,"[64446, 64346]",294,588,8,294,606,7,2048,12,88,2,1(SUBCARRIER_SPACE_15_KHZ),1,0,2,11,1,3,0(LL1_STORE_RAR_SUCCESS),21
C08,1006,20,7,2,2,"[64446, 64346]",295,12,8,295,30,7,128,12,88,32,1(SUBCARRIER_SPACE_15_KHZ),0,0,1,7,1,4,0(LL1_STORE_RAR_SUCCESS),20
C08,1006,20,8,2,2,"[64446, 64346]",295,76,8,295,94,7,128,12,88,32,1(SUBCARRIER_SPACE_15_KHZ),0,0,1,7,1,4,0(LL1_STORE_RAR_SUCCESS),12
C08,1006,20,9,1,2,"[64446, 64346]",296,710,4,296,714,8,128,12,88,32,1(SUBCARRIER_SPACE_15_KHZ),0,0,1,7,1,4,0(LL1_STORE_RAR_SUCCESS),14
C08,1006,24,1,2,2,"[64446, 64346]",331,454,4,331,458,8,2048,12,88,2,1(SUBCARRIER_SPACE_15_KHZ),1,0,2,11,1,3,0(LL1_STORE_RAR_SUCCESS),20
C08,1007,1,1,1,2,"[64446, 64346]",181,704,8,181,705,9,1,12,88,1,1(SUBCARRIER_SPACE_15_KHZ),2,0,2,0,1,1,0(LL1_STORE_RAR_SUCCESS),44
C08,1007,1,2,1,2,"[64446, 64346]",558,454,4,558,458,8,1,12,88,1,1(SUBCARRIER_SPACE_15_KHZ),2,0,2,0,1,1,0(LL1_STORE_RAR_SUCCESS),43
C08,1007,9,1,1,2,"[64446, 64346]",631,646,4,631,650,8,2048,12,88,2,1(SUBCARRIER_SPACE_15_KHZ),1,0,2,11,1,3,0(LL1_STORE_RAR_SUCCESS),21
C08,1007,15,1,1,2,"[64446, 64346]",685,774,4,685,778,8,2048,12,88,2,1(SUBCARRIER_SPACE_15_KHZ),1,0,2,11,1,3,0(LL1_STORE_RAR_SUCCESS),18
C08,1007,15,2,1,2,"[64446, 64346]",685,774,4,685,778,8,2048,12,88,2,1(SUBCARRIER_SPACE_15_KHZ),1,0,2,11,1,3,0(LL1_STORE_RAR_SUCCESS),21
C08,1008,14,1,1,2,"[64446, 64346]",215,518,4,215,522,8,2048,12,88,2,1(SUBCARRIER_SPACE_15_KHZ),1,0,2,11,1,3,0(LL1_STORE_RAR_SUCCESS),14
C08,1008,16,1,1,2,"[64446, 64346]",231,774,4,231,778,8,2048,12,88,2,1(SUBCARRIER_SPACE_15_KHZ),1,0,2,11,1,3,0(LL1_STORE_RAR_SUCCESS),19
C08,1008,16,2,2,2,"[64446, 64346]",233,716,8,233,734,7,128,12,88,32,1(SUBCARRIER_SPACE_15_KHZ),0,0,1,7,1,4,0(LL1_STORE_RAR_SUCCESS),21
C08,1008,20,1,2,2,"[64446, 64346]",271,902,4,271,906,8,2048,12,88,2,1(SUBCARRIER_SPACE_15_KHZ),1,0,2,11,1,3,0(LL1_STORE_RAR_SUCCESS),23
C08,1009,5,1,2,2,"[64446, 64346]",602,716,8,602,734,7,32,12,88,32,1(SUBCARRIER_SPACE_15_KHZ),0,0,1,5,1,4,0(LL1_STORE_RAR_SUCCESS),41
C08,1009,5,2,2,2,"[64446, 64346]",602,844,8,602,862,7,16,12,88,32,1(SUBCARRIER_SPACE_15_KHZ),0,0,1,4,1,4,0(LL1_STORE_RAR_SUCCESS),37
C08,1009,5,3,2,2,"[64446, 64346]",604,12,8,604,30,7,32,12,88,32,1(SUBCARRIER_SPACE_15_KHZ),0,0,1,5,1,4,0(LL1_STORE_RAR_SUCCESS),46
C08,1009,9,1,2,2,"[64446, 64346]",642,966,4,642,970,8,16,12,88,32,1(SUBCARRIER_SPACE_15_KHZ),0,0,1,4,1,4,0(LL1_STORE_RAR_SUCCESS),44
C08,1009,9,2,2,2,"[64446, 64346]",643,6,4,643,10,8,16,12,88,32,1(SUBCARRIER_SPACE_15_KHZ),0,0,1,4,1,4,0(LL1_STORE_RAR_SUCCESS),37
C08,1009,9,3,2,2,"[64446, 64346]",643,76,8,643,94,7,16,12,88,32,1(SUBCARRIER_SPACE_15_KHZ),0,0,1,4,1,4,0(LL1_STORE_RAR_SUCCESS),41
C08,1009,9,4,2,2,"[64446, 64346]",643,396,8,643,414,7,16,12,88,32,1(SUBCARRIER_SPACE_15_KHZ),0,0,1,4,1,4,0(LL1_STORE_RAR_SUCCESS),40
C08,1009,9,5,2,2,"[64446, 64346]",643,588,8,643,606,7,16,12,88,32,1(SUBCARRIER_SPACE_15_KHZ),0,0,1,4,1,4,0(LL1_STORE_RAR_SUCCESS),46
C08,1009,9,6,2,2,"[64446, 64346]",643,652,8,643,670,7,16,12,88,32,1(SUBCARRIER_SPACE_15_KHZ),0,0,1,4,1,4,0(LL1_STORE_RAR_SUCCESS),46
C08,1009,11,1,2,2,"[64446, 64346]",664,76,8,664,94,7,128,12,88,32,1(SUBCARRIER_SPACE_15_KHZ),0,0,1,7,1,4,0(LL1_STORE_RAR_SUCCESS),18
C08,1009,11,2,1,2,"[64446, 64346]",666,390,4,666,394,8,2048,12,88,2,1(SUBCARRIER_SPACE_15_KHZ),1,0,2,11,1,3,0(LL1_STORE_RAR_SUCCESS),20
C08,1009,13,1,2,2,"[64446, 64346]",687,780,8,687,798,7,128,12,88,32,1(SUBCARRIER_SPACE_15_KHZ),0,0,1,7,1,4,0(LL1_STORE_RAR_SUCCESS),16
C08,1009,13,2,2,2,"[64446, 64346]",688,780,8,688,798,7,128,12,88,32,1(SUBCARRIER_SPACE_15_KHZ),0,0,1,7,1,4,0(LL1_STORE_RAR_SUCCESS),15
C08,1010,1,1,1,2,"[64446, 64346]",856,134,4,856,138,8,2048,12,88,2,1(SUBCARRIER_SPACE_15_KHZ),1,0,2,11,1,3,0(LL1_STORE_RAR_SUCCESS),17
C08,1010,1,2,2,2,"[64446, 64346]",857,140,8,857,158,7,128,12,88,32,1(SUBCARRIER_SPACE_15_KHZ),0,0,1,7,1,4,0(LL1_STORE_RAR_SUCCESS),20
C08,1010,5,1,1,2,"[64446, 64346]",894,6,4,894,10,8,128,12,88,2,1(SUBCARRIER_SPACE_15_KHZ),1,0,2,7,1,3,0(LL1_STORE_RAR_SUCCESS),37
C08,1010,9,1,1,2,"[64446, 64346]",929,710,4,929,714,8,2048,12,88,2,1(SUBCARRIER_SPACE_15_KHZ),1,0,2,11,1,3,0(LL1_STORE_RAR_SUCCESS),17
C08,1011,1,1,2,3,"[64446, 64346]",176,838,4,176,842,8,16,12,88,32,1(SUBCARRIER_SPACE_15_KHZ),0,0,1,4,1,4,0(LL1_STORE_RAR_SUCCESS),40
C08,1011,1,2,2,2,"[64446, 64346]",176,902,4,176,906,8,32,12,88,32,1(SUBCARRIER_SPACE_15_KHZ),0,0,1,5,1,4,0(LL1_STORE_RAR_SUCCESS),47
C08,1011,13,1,2,2,"[64446, 64346]",290,332,8,290,350,7,16,12,88,32,1(SUBCARRIER_SPACE_15_KHZ),0,0,1,4,1,4,0(LL1_STORE_RAR_SUCCESS),36
C08,1011,13,2,2,2,"[64446, 64346]",290,524,8,290,542,7,64,12,88,32,1(SUBCARRIER_SPACE_15_KHZ),0,0,1,6,1,4,0(LL1_STORE_RAR_SUCCESS),44
C08,1011,13,3,2,2,"[64446, 64346]",290,716,8,290,734,7,32,12,88,32,1(SUBCARRIER_SPACE_15_KHZ),0,0,1,5,1,4,0(LL1_STORE_RAR_SUCCESS),38
C08,1011,15,1,2,2,"[64446, 64346]",309,972,8,309,990,7,128,12,88,32,1(SUBCARRIER_SPACE_15_KHZ),0,0,1,7,1,4,0(LL1_STORE_RAR_SUCCESS),18
C08,1011,15,2,2,2,"[64446, 64346]",310,460,8,310,478,7,128,12,88,32,1(SUBCARRIER_SPACE_15_KHZ),0,0,1,7,1,4,0(LL1_STORE_RAR_SUCCESS),21
C08,1011,17,1,2,2,"[64446, 64346]",329,908,8,329,926,7,128,12,88,32,1(SUBCARRIER_SPACE_15_KHZ),0,0,1,7,1,4,0(LL1_STORE_RAR_SUCCESS),20
C08,1011,17,2,2,2,"[64446, 64346]",330,76,8,330,94,7,256,12,88,32,1(SUBCARRIER_SPACE_15_KHZ),0,0,1,8,1,4,0(LL1_STORE_RAR_SUCCESS),17
C08,1011,21,1,2,2,"[64446, 64346]",370,268,8,370,286,7,32,12,88,32,1(SUBCARRIER_SPACE_15_KHZ),0,0,1,5,1,4,0(LL1_STORE_RAR_SUCCESS),37
C08,1011,21,2,2,2,"[64446, 64346]",371,524,8,371,542,7,16,12,88,32,1(SUBCARRIER_SPACE_15_KHZ),0,0,1,4,1,4,0(LL1_STORE_RAR_SUCCESS),44
C08,1011,21,3,2,2,"[64446, 64346]",372,588,8,372,606,7,32,12,88,32,1(SUBCARRIER_SPACE_15_KHZ),0,0,1,5,1,4,0(LL1_STORE_RAR_SUCCESS),40
C08,1011,25,1,2,2,"[64446, 64346]",412,972,8,412,990,7,16,12,88,32,1(SUBCARRIER_SPACE_15_KHZ),0,0,1,4,1,4,0(LL1_STORE_RAR_SUCCESS),40
C08,1011,25,2,2,2,"[64446, 64346]",413,12,8,413,30,7,32,12,88,32,1(SUBCARRIER_SPACE_15_KHZ),0,0,1,5,1,4,0(LL1_STORE_RAR_SUCCESS),37
C08,1101,1,1,2,2,"[64446, 64346]",581,844,8,581,862,7,2048,12,88,2,1(SUBCARRIER_SPACE_15_KHZ),1,0,2,11,1,3,0(LL1_STORE_RAR_SUCCESS),12
C08,1101,5,1,2,2,"[64446, 64346]",621,460,8,621,478,7,256,12,88,32,1(SUBCARRIER_SPACE_15_KHZ),0,0,1,8,1,4,0(LL1_STORE_RAR_SUCCESS),18
C08,1101,5,2,2,2,"[64446, 64346]",622,76,8,622,94,7,128,12,88,32,1(SUBCARRIER_SPACE_15_KHZ),0,0,1,7,1,4,0(LL1_STORE_RAR_SUCCESS),23
C08,1101,5,3,2,2,"[64446, 64346]",622,396,8,622,414,7,128,12,88,32,1(SUBCARRIER_SPACE_15_KHZ),0,0,1,7,1,4,0(LL1_STORE_RAR_SUCCESS),15
C08,1101,5,4,2,2,"[64446, 64346]",622,524,8,622,542,7,128,12,88,32,1(SUBCARRIER_SPACE_15_KHZ),0,0,1,7,1,4,0(LL1_STORE_RAR_SUCCESS),20
C08,1101,5,5,2,2,"[64446, 64346]",622,780,8,622,798,7,128,12,88,32,1(SUBCARRIER_SPACE_15_KHZ),0,0,1,7,1,4,0(LL1_STORE_RAR_SUCCESS),17
C08,1101,11,1,2,2,"[64446, 64346]",677,204,8,677,222,7,16,12,88,32,1(SUBCARRIER_SPACE_15_KHZ),0,0,1,4,1,4,0(LL1_STORE_RAR_SUCCESS),39
C08,1101,11,2,2,2,"[64446, 64346]",677,396,8,677,414,7,32,12,88,32,1(SUBCARRIER_SPACE_15_KHZ),0,0,1,5,1,4,0(LL1_STORE_RAR_SUCCESS),41
C08,1101,13,1,2,2,"[64446, 64346]",699,396,8,699,414,7,16,12,88,32,1(SUBCARRIER_SPACE_15_KHZ),0,0,1,4,1,4,0(LL1_STORE_RAR_SUCCESS),40
C08,1101,15,1,2,2,"[64446, 64346]",719,70,4,719,74,8,16,12,88,32,1(SUBCARRIER_SPACE_15_KHZ),0,0,1,4,1,4,0(LL1_STORE_RAR_SUCCESS),42
C08,1101,23,1,2,2,"[64446, 64346]",800,332,8,800,350,7,16,12,88,32,1(SUBCARRIER_SPACE_15_KHZ),0,0,1,4,1,4,0(LL1_STORE_RAR_SUCCESS),42
C08,1101,23,2,2,2,"[64446, 64346]",800,524,8,800,542,7,16,12,88,32,1(SUBCARRIER_SPACE_15_KHZ),0,0,1,4,1,4,0(LL1_STORE_RAR_SUCCESS),47
C08,1101,23,3,2,2,"[64446, 64346]",800,716,8,800,734,7,16,12,88,32,1(SUBCARRIER_SPACE_15_KHZ),0,0,1,4,1,4,0(LL1_STORE_RAR_SUCCESS),38
C08,1101,23,4,2,2,"[64446, 64346]",800,780,8,800,798,7,16,12,88,32,1(SUBCARRIER_SPACE_15_KHZ),0,0,1,4,1,4,0(LL1_STORE_RAR_SUCCESS),38
C08,1102,10,1,1,2,"[64446, 64346]",511,518,4,511,522,8,512,12,88,32,1(SUBCARRIER_SPACE_15_KHZ),0,0,1,9,1,4,0(LL1_STORE_RAR_SUCCESS),19
C08,1102,12,1,1,2,"[64446, 64346]",526,710,4,526,714,8,2048,12,88,2,1(SUBCARRIER_SPACE_15_KHZ),1,0,2,11,1,3,0(LL1_STORE_RAR_SUCCESS),26
C08,1102,12,2,1,2,"[64446, 64346]",526,774,4,526,778,8,1024,12,88,2,1(SUBCARRIER_SPACE_15_KHZ),1,0,2,10,1,3,0(LL1_STORE_RAR_SUCCESS),26
C08,1102,12,3,1,2,"[64446, 64346]",526,902,4,526,906,8,2048,12,88,2,1(SUBCARRIER_SPACE_15_KHZ),1,0,2,11,1,3,0(LL1_STORE_RAR_SUCCESS),23
C08,1102,12,4,1,2,"[64446, 64346]",526,966,4,526,970,8,1024,12,88,2,1(SUBCARRIER_SPACE_15_KHZ),1,0,2,10,1,3,0(LL1_STORE_RAR_SUCCESS),26
C08,1102,18,1,2,2,"[64446, 64346]",583,972,8,583,990,7,16,12,88,32,1(SUBCARRIER_SPACE_15_KHZ),0,0,1,4,1,4,0(LL1_STORE_RAR_SUCCESS),31
C08,1102,24,1,1,2,"[64446, 64346]",640,966,4,640,970,8,2048,12,88,2,1(SUBCARRIER_SPACE_15_KHZ),1,0,2,11,1,3,0(LL1_STORE_RAR_SUCCESS),18
C08,1102,24,2,1,2,"[64446, 64346]",641,6,4,641,10,8,2048,12,88,2,1(SUBCARRIER_SPACE_15_KHZ),1,0,2,11,1,3,0(LL1_STORE_RAR_SUCCESS),24
C08,1103,4,1,2,2,"[64446, 64346]",793,588,8,793,606,7,256,12,88,32,1(SUBCARRIER_SPACE_15_KHZ),0,0,1,8,1,4,0(LL1_STORE_RAR_SUCCESS),15
C08,1103,4,2,2,2,"[64446, 64346]",793,780,8,793,798,7,128,12,88,32,1(SUBCARRIER_SPACE_15_KHZ),0,0,1,7,1,4,0(LL1_STORE_RAR_SUCCESS),20
C08,1103,4,3,2,2,"[64446, 64346]",793,972,8,793,990,7,2048,12,88,2,1(SUBCARRIER_SPACE_15_KHZ),1,0,2,11,1,3,0(LL1_STORE_RAR_SUCCESS),20
C08,1103,4,4,1,2,"[64446, 64346]",794,12,8,794,30,7,2048,12,88,2,1(SUBCARRIER_SPACE_15_KHZ),1,0,2,11,1,3,0(LL1_STORE_RAR_SUCCESS),20
C08,1103,6,1,1,2,"[64446, 64346]",815,902,4,815,906,8,2048,12,88,2,1(SUBCARRIER_SPACE_15_KHZ),1,0,2,11,1,3,0(LL1_STORE_RAR_SUCCESS),17
C08,1103,6,2,2,2,"[64446, 64346]",815,966,4,815,970,8,2048,12,88,2,1(SUBCARRIER_SPACE_15_KHZ),1,0,2,11,1,3,0(LL1_STORE_RAR_SUCCESS),22
C08,1103,24,1,1,2,"[64446, 64346]",1001,838,4,1001,842,8,2048,12,88,2,1(SUBCARRIER_SPACE_15_KHZ),1,0,2,11,1,3,0(LL1_STORE_RAR_SUCCESS),19
C08,1103,24,2,1,2,"[64446, 64346]",1001,902,4,1001,906,8,2048,12,88,2,1(SUBCARRIER_SPACE_15_KHZ),1,0,2,11,1,3,0(LL1_STORE_RAR_SUCCESS),23
C08,1104,5,1,2,2,"[64446, 64346]",115,524,8,115,542,7,128,12,88,32,1(SUBCARRIER_SPACE_15_KHZ),0,0,1,7,1,4,0(LL1_STORE_RAR_SUCCESS),19
C08,1104,11,1,2,2,"[64446, 64346]",179,204,8,179,222,7,128,12,88,32,1(SUBCARRIER_SPACE_15_KHZ),0,0,1,7,1,4,0(LL1_STORE_RAR_SUCCESS),22
C08,1104,11,2,2,2,"[64446, 64346]",180,140,8,180,158,7,128,12,88,32,1(SUBCARRIER_SPACE_15_KHZ),0,0,1,7,1,4,0(LL1_STORE_RAR_SUCCESS),21
C08,1104,15,1,2,2,"[64446, 64346]",221,972,8,221,990,7,128,12,88,32,1(SUBCARRIER_SPACE_15_KHZ),0,0,1,7,1,4,0(LL1_STORE_RAR_SUCCESS),14
C08,1104,15,2,2,2,"[64446, 64346]",224,140,8,224,158,7,512,12,88,32,1(SUBCARRIER_SPACE_15_KHZ),0,0,1,9,1,4,0(LL1_STORE_RAR_SUCCESS),29
C08,1105,2,1,2,2,"[64446, 64346]",442,76,8,442,94,7,1024,12,88,32,1(SUBCARRIER_SPACE_15_KHZ),0,0,1,10,1,4,0(LL1_STORE_RAR_SUCCESS),16
C08,1105,2,2,2,2,"[64446, 64346]",442,524,8,442,542,7,128,12,88,32,1(SUBCARRIER_SPACE_15_KHZ),0,0,1,7,1,4,0(LL1_STORE_RAR_SUCCESS),13
C08,1105,6,1,2,2,"[64446, 64346]",482,332,8,482,350,7,128,12,88,32,1(SUBCARRIER_SPACE_15_KHZ),0,0,1,7,1,4,0(LL1_STORE_RAR_SUCCESS),20
C08,1105,8,1,2,2,"[64446, 64346]",507,780,8,507,798,7,32,12,88,32,1(SUBCARRIER_SPACE_15_KHZ),0,0,1,5,1,4,0(LL1_STORE_RAR_SUCCESS),38
C08,1105,24,1,2,2,"[64446, 64346]",654,262,4,654,266,8,16,12,88,32,1(SUBCARRIER_SPACE_15_KHZ),0,0,1,4,1,4,0(LL1_STORE_RAR_SUCCESS),37
C08,1105,24,2,2,2,"[64446, 64346]",654,332,8,654,350,7,16,12,88,32,1(SUBCARRIER_SPACE_15_KHZ),0,0,1,4,1,4,0(LL1_STORE_RAR_SUCCESS),45
C08,1105,24,3,2,2,"[64446, 64346]",654,588,8,654,606,7,512,12,88,32,1(SUBCARRIER_SPACE_15_KHZ),0,0,1,9,1,4,0(LL1_STORE_RAR_SUCCESS),23
C08,1106,9,1,1,2,"[64446, 64346]",887,518,4,887,522,8,2048,12,88,2,1(SUBCARRIER_SPACE_15_KHZ),1,0,2,11,1,3,0(LL1_STORE_RAR_SUCCESS),17
C08,1106,21,1,2,2,"[64446, 64346]",994,716,8,994,734,7,2048,12,88,2,1(SUBCARRIER_SPACE_15_KHZ),1,0,2,11,1,3,0(LL1_STORE_RAR_SUCCESS),13
C05,1401,5,1,1,2,"[64466, 64366]",582,966,4,582,970,8,128,12,88,2,1(SUBCARRIER_SPACE_15_KHZ),1,0,2,7,1,3,0(LL1_STORE_RAR_SUCCESS),41
C05,1402,20,1,2,2,"[64466, 64366]",809,6,4,809,10,8,128,12,88,2,1(SUBCARRIER_SPACE_15_KHZ),1,0,2,7,1,3,0(LL1_STORE_RAR_SUCCESS),46
C05,1404,19,1,1,2,"[64466, 64366]",125,582,4,125,586,8,1,12,88,1,1(SUBCARRIER_SPACE_15_KHZ),2,0,2,0,1,1,0(LL1_STORE_RAR_SUCCESS),37
C05,1404,19,2,2,2,"[64466, 64366]",125,646,4,125,650,8,128,12,88,2,1(SUBCARRIER_SPACE_15_KHZ),1,0,2,7,1,3,0(LL1_STORE_RAR_SUCCESS),42
C05,1406,22,1,0,2,"[64466, 64366]",555,64,8,555,65,9,1,12,88,1,1(SUBCARRIER_SPACE_15_KHZ),2,0,2,0,1,1,0(LL1_STORE_RAR_SUCCESS),39
C05,1406,22,2,1,3,"[64466, 64366]",555,128,8,555,129,9,1,12,88,1,1(SUBCARRIER_SPACE_15_KHZ),2,0,2,0,1,1,0(LL1_STORE_RAR_SUCCESS),40
C05,1406,22,3,1,2,"[64466, 64366]",555,192,8,555,193,9,128,12,88,2,1(SUBCARRIER_SPACE_15_KHZ),1,0,2,7,1,3,0(LL1_STORE_RAR_SUCCESS),43
C05,1408,15,1,0,2,"[64466, 64366]",982,134,4,982,138,8,128,12,88,2,1(SUBCARRIER_SPACE_15_KHZ),1,0,2,7,1,3,0(LL1_STORE_RAR_SUCCESS),41
C05,1408,15,2,1,2,"[64466, 64366]",984,198,4,984,202,8,1,12,88,1,1(SUBCARRIER_SPACE_15_KHZ),2,0,2,0,1,1,0(LL1_STORE_RAR_SUCCESS),12
C05,1408,27,1,0,2,"[64466, 64366]",48,198,4,48,202,8,128,12,88,2,1(SUBCARRIER_SPACE_15_KHZ),1,0,2,7,1,3,0(LL1_STORE_RAR_SUCCESS),36
C05,1408,27,2,1,2,"[64466, 64366]",50,326,4,50,330,8,1,12,88,1,1(SUBCARRIER_SPACE_15_KHZ),2,0,2,0,1,1,0(LL1_STORE_RAR_SUCCESS),22
C06,1406,24,1,0,2,"[64466, 64366]",693,64,8,693,65,9,64,12,88,2,1(SUBCARRIER_SPACE_15_KHZ),1,0,2,6,1,3,0(LL1_STORE_RAR_SUCCESS),34
C06,1406,24,2,0,2,"[64466, 64366]",693,128,8,693,129,9,1,12,88,1,1(SUBCARRIER_SPACE_15_KHZ),2,0,2,0,1,1,0(LL1_STORE_RAR_SUCCESS),36
C06,1406,26,1,0,2,"[64466, 64366]",708,64,8,708,65,9,128,12,88,2,1(SUBCARRIER_SPACE_15_KHZ),1,0,2,7,1,3,0(LL1_STORE_RAR_SUCCESS),39
C06,1406,26,2,0,2,"[64466, 64366]",708,128,8,708,129,9,1,12,88,1,1(SUBCARRIER_SPACE_15_KHZ),2,0,2,0,1,1,0(LL1_STORE_RAR_SUCCESS),40
C06,1407,7,1,0,2,"[64466, 64366]",786,64,8,786,65,9,128,12,88,2,1(SUBCARRIER_SPACE_15_KHZ),1,0,2,7,1,3,0(LL1_STORE_RAR_SUCCESS),44
C06,1407,7,2,0,2,"[64466, 64366]",786,128,8,786,129,9,1,12,88,1,1(SUBCARRIER_SPACE_15_KHZ),2,0,2,0,1,1,0(LL1_STORE_RAR_SUCCESS),43
C07,1403,1,1,1,2,"[64446, 64346]",951,966,4,951,970,8,64,12,88,2,1(SUBCARRIER_SPACE_15_KHZ),1,0,2,6,1,3,0(LL1_STORE_RAR_SUCCESS),44
C07,1403,1,2,2,2,"[64446, 64346]",951,972,8,951,990,7,128,12,88,32,1(SUBCARRIER_SPACE_15_KHZ),0,0,1,7,1,4,0(LL1_STORE_RAR_SUCCESS),16
C07,1408,37,1,1,2,"[64446, 64346]",222,454,4,222,458,8,2048,12,88,2,1(SUBCARRIER_SPACE_15_KHZ),1,0,2,11,1,3,0(LL1_STORE_RAR_SUCCESS),20
C07,1409,30,1,0,2,"[64446, 64346]",486,320,8,486,321,9,2048,12,88,2,1(SUBCARRIER_SPACE_15_KHZ),1,0,2,11,1,3,0(LL1_STORE_RAR_SUCCESS),21
C07,1409,34,1,1,2,"[64446, 64346]",512,134,4,512,138,8,2048,12,88,2,1(SUBCARRIER_SPACE_15_KHZ),1,0,2,11,1,3,0(LL1_STORE_RAR_SUCCESS),23
C07,1412,1,1,1,2,"[64446, 64346]",984,902,4,984,906,8,1024,12,88,2,1(SUBCARRIER_SPACE_15_KHZ),1,0,2,10,1,3,0(LL1_STORE_RAR_SUCCESS),19
C07,1412,3,1,1,2,"[64446, 64346]",997,646,4,997,650,8,1024,12,88,2,1(SUBCARRIER_SPACE_15_KHZ),1,0,2,10,1,3,0(LL1_STORE_RAR_SUCCESS),20
C08,1402,20,1,1,2,"[64446, 64346]",891,646,4,891,650,8,2048,12,88,2,1(SUBCARRIER_SPACE_15_KHZ),1,0,2,11,1,3,0(LL1_STORE_RAR_SUCCESS),30
C08,1403,17,1,1,2,"[64446, 64346]",34,646,4,34,650,8,2048,12,88,2,1(SUBCARRIER_SPACE_15_KHZ),1,0,2,11,1,3,0(LL1_STORE_RAR_SUCCESS),27
C08,1403,23,1,2,2,"[64446, 64346]",311,716,8,311,734,7,16,12,88,32,1(SUBCARRIER_SPACE_15_KHZ),0,0,1,4,1,4,0(LL1_STORE_RAR_SUCCESS),40
C08,1404,19,1,0,2,"[64446, 64346]",562,204,8,562,222,7,512,12,88,32,1(SUBCARRIER_SPACE_15_KHZ),0,0,1,9,1,4,0(LL1_STORE_RAR_SUCCESS),25
C08,1404,19,2,1,2,"[64446, 64346]",245,64,8,245,65,9,1,12,88,1,1(SUBCARRIER_SPACE_15_KHZ),2,0,2,0,1,1,0(LL1_STORE_RAR_SUCCESS),24
C08,1404,19,3,1,2,"[64446, 64346]",245,134,4,245,138,8,2048,12,88,2,1(SUBCARRIER_SPACE_15_KHZ),1,0,2,11,1,3,0(LL1_STORE_RAR_SUCCESS),27
C08,1405,17,1,1,2,"[64446, 64346]",748,710,4,748,714,8,2048,12,88,2,1(SUBCARRIER_SPACE_15_KHZ),1,0,2,11,1,3,0(LL1_STORE_RAR_SUCCESS),25
C08,1408,28,1,1,2,"[64446, 64346]",492,838,4,492,842,8,2048,12,88,2,1(SUBCARRIER_SPACE_15_KHZ),1,0,2,11,1,3,0(LL1_STORE_RAR_SUCCESS),28
C08,1409,1,1,1,2,"[64446, 64346]",298,582,4,298,586,8,2048,12,88,2,1(SUBCARRIER_SPACE_15_KHZ),1,0,2,11,1,3,0(LL1_STORE_RAR_SUCCESS),26
C08,1409,3,1,1,2,"[64446, 64346]",314,134,4,314,138,8,2048,12,88,2,1(SUBCARRIER_SPACE_15_KHZ),1,0,2,11,1,3,0(LL1_STORE_RAR_SUCCESS),23
C08,1409,7,1,1,2,"[64446, 64346]",339,838,4,339,842,8,2048,12,88,2,1(SUBCARRIER_SPACE_15_KHZ),1,0,2,11,1,3,0(LL1_STORE_RAR_SUCCESS),27
C08,1409,25,1,1,2,"[64446, 64346]",457,710,4,457,714,8,2048,12,88,2,1(SUBCARRIER_SPACE_15_KHZ),1,0,2,11,1,3,0(LL1_STORE_RAR_SUCCESS),26
C08,1410,29,1,2,2,"[64446, 64346]",58,716,8,58,734,7,512,12,88,32,1(SUBCARRIER_SPACE_15_KHZ),0,0,1,9,1,4,0(LL1_STORE_RAR_SUCCESS),23
C08,1410,29,2,2,2,"[64446, 64346]",59,332,8,59,350,7,512,12,88,32,1(SUBCARRIER_SPACE_15_KHZ),0,0,1,9,1,4,0(LL1_STORE_RAR_SUCCESS),22
C08,1412,18,1,1,2,"[64446, 64346]",283,460,8,283,478,7,512,12,88,32,1(SUBCARRIER_SPACE_15_KHZ),0,0,1,9,1,4,0(LL1_STORE_RAR_SUCCESS),19
C08,1413,17,1,1,2,"[64446, 64346]",267,198,4,267,202,8,2048,12,88,2,1(SUBCARRIER_SPACE_15_KHZ),1,0,2,11,1,3,0(LL1_STORE_RAR_SUCCESS),20
C05,1501,2,1,1,2,"[64466, 64366]",874,326,4,874,330,8,16,12,88,32,1(SUBCARRIER_SPACE_15_KHZ),0,0,1,4,1,4,0(LL1_STORE_RAR_SUCCESS),45
C05,1503,2,1,0,2,"[64466, 64366]",225,262,4,225,266,8,128,12,88,2,1(SUBCARRIER_SPACE_15_KHZ),1,0,2,7,1,3,0(LL1_STORE_RAR_SUCCESS),45
C05,1504,11,1,1,2,"[64466, 64366]",558,262,4,558,266,8,128,12,88,2,1(SUBCARRIER_SPACE_15_KHZ),1,0,2,7,1,3,0(LL1_STORE_RAR_SUCCESS),38
C06,1502,34,1,2,2,"[64466, 64366]",303,588,8,303,606,7,16,12,88,32,1(SUBCARRIER_SPACE_15_KHZ),0,0,1,4,1,4,0(LL1_STORE_RAR_SUCCESS),43
C06,1502,34,2,2,2,"[64466, 64366]",305,780,8,305,798,7,16,12,88,32,1(SUBCARRIER_SPACE_15_KHZ),0,0,1,4,1,4,0(LL1_STORE_RAR_SUCCESS),36
C06,1502,36,1,1,2,"[64466, 64366]",318,582,4,318,586,8,16,12,88,32,1(SUBCARRIER_SPACE_15_KHZ),0,0,1,4,1,4,0(LL1_STORE_RAR_SUCCESS),38
C06,1503,6,1,2,2,"[64426, 64326]",411,12,8,411,30,7,16,12,88,1,1(SUBCARRIER_SPACE_15_KHZ),2,0,2,4,1,1,0(LL1_STORE_RAR_SUCCESS),0
C06,1503,6,2,2,2,"[64426, 64326]",411,524,8,411,542,7,16,12,88,4,1(SUBCARRIER_SPACE_15_KHZ),2,0,2,4,1,1,0(LL1_STORE_RAR_SUCCESS),4
C06,1503,24,1,1,2,"[64466, 64366]",573,646,4,573,650,8,16,12,88,4,1(SUBCARRIER_SPACE_15_KHZ),2,0,2,4,1,1,0(LL1_STORE_RAR_SUCCESS),10
C06,1503,24,2,1,2,"[64466, 64366]",573,710,4,573,714,8,128,12,88,2,1(SUBCARRIER_SPACE_15_KHZ),1,0,2,7,1,3,0(LL1_STORE_RAR_SUCCESS),46
C06,1503,24,3,2,2,"[64466, 64366]",573,716,8,573,734,7,16,12,88,32,1(SUBCARRIER_SPACE_15_KHZ),0,0,1,4,1,4,0(LL1_STORE_RAR_SUCCESS),44
C06,1504,20,1,1,2,"[64466, 64366]",745,774,4,745,778,8,16,12,88,32,1(SUBCARRIER_SPACE_15_KHZ),0,0,1,4,1,4,0(LL1_STORE_RAR_SUCCESS),41
C06,1505,6,1,2,2,"[64466, 64366]",816,454,4,816,458,8,16,12,88,32,1(SUBCARRIER_SPACE_15_KHZ),0,0,1,4,1,4,0(LL1_STORE_RAR_SUCCESS),44
C07,1505,16,1,2,2,"[64446, 64346]",779,838,4,779,842,8,16,12,88,32,1(SUBCARRIER_SPACE_15_KHZ),0,0,1,4,1,4,0(LL1_STORE_RAR_SUCCESS),35
C07,1505,16,2,2,2,"[64446, 64346]",779,902,4,779,906,8,16,12,88,32,1(SUBCARRIER_SPACE_15_KHZ),0,0,1,4,1,4,0(LL1_STORE_RAR_SUCCESS),37
C07,1505,20,1,2,2,"[64446, 64346]",809,332,8,809,350,7,16,12,88,32,1(SUBCARRIER_SPACE_15_KHZ),0,0,1,4,1,4,0(LL1_STORE_RAR_SUCCESS),38
C07,1506,6,1,1,2,"[64446, 64346]",901,6,4,901,10,8,2048,12,88,2,1(SUBCARRIER_SPACE_15_KHZ),1,0,2,11,1,3,0(LL1_STORE_RAR_SUCCESS),20
C07,1506,6,2,2,2,"[64446, 64346]",901,134,4,901,138,8,2048,16,88,2,1(SUBCARRIER_SPACE_15_KHZ),1,0,2,11,1,3,0(LL1_STORE_RAR_SUCCESS),20
C07,1506,6,3,1,2,"[64446, 64346]",901,390,4,901,394,8,512,12,88,32,1(SUBCARRIER_SPACE_15_KHZ),0,0,1,9,1,4,0(LL1_STORE_RAR_SUCCESS),28
C07,1506,20,1,1,2,"[64446, 64346]",987,966,4,987,970,8,2048,12,88,2,1(SUBCARRIER_SPACE_15_KHZ),1,0,2,11,1,3,0(LL1_STORE_RAR_SUCCESS),27
C07,1506,36,1,1,2,"[64446, 64346]",64,454,4,64,458,8,2048,12,88,2,1(SUBCARRIER_SPACE_15_KHZ),1,0,2,11,1,3,0(LL1_STORE_RAR_SUCCESS),25
C08,1501,22,1,2,2,"[64446, 64346]",39,460,8,39,478,7,16,12,88,32,1(SUBCARRIER_SPACE_15_KHZ),0,0,1,4,1,4,0(LL1_STORE_RAR_SUCCESS),45
C08,1502,10,1,1,2,"[64446, 64346]",159,454,4,159,458,8,128,12,88,32,1(SUBCARRIER_SPACE_15_KHZ),0,0,1,7,1,4,0(LL1_STORE_RAR_SUCCESS),18
C08,1502,10,2,2,2,"[64446, 64346]",159,518,4,159,522,8,1024,12,88,2,1(SUBCARRIER_SPACE_15_KHZ),1,0,2,10,1,3,0(LL1_STORE_RAR_SUCCESS),19
C08,1502,18,1,2,2,"[64446, 64346]",214,12,8,214,30,7,1024,12,88,2,1(SUBCARRIER_SPACE_15_KHZ),1,0,2,10,1,3,0(LL1_STORE_RAR_SUCCESS),19
C08,1503,7,1,2,2,"[64446, 64346]",411,204,8,411,222,7,16,12,88,32,1(SUBCARRIER_SPACE_15_KHZ),0,0,1,4,1,4,0(LL1_STORE_RAR_SUCCESS),24
C08,1503,7,2,2,2,"[64446, 64346]",413,460,8,413,478,7,16,12,88,32,1(SUBCARRIER_SPACE_15_KHZ),0,0,1,4,1,4,0(LL1_STORE_RAR_SUCCESS),29
D04,21801,16,1,1,2,"[64496, 64396]",210,134,4,210,138,8,2048,12,88,2,1(SUBCARRIER_SPACE_15_KHZ),1,0,2,11,1,3,0(LL1_STORE_RAR_SUCCESS),41
D04,21801,16,2,1,2,"[64496, 64396]",210,198,4,210,202,8,32,12,88,2,1(SUBCARRIER_SPACE_15_KHZ),1,0,2,5,1,3,0(LL1_STORE_RAR_SUCCESS),37
D04,21801,16,3,1,2,"[64496, 64396]",210,390,4,210,394,8,2048,12,88,2,1(SUBCARRIER_SPACE_15_KHZ),1,0,2,11,1,3,0(LL1_STORE_RAR_SUCCESS),43
D04,21801,18,1,1,2,"[64496, 64396]",230,70,4,230,74,8,64,12,88,2,1(SUBCARRIER_SPACE_15_KHZ),1,0,2,6,1,3,0(LL1_STORE_RAR_SUCCESS),47
D04,21802,2,1,1,2,"[64496, 64396]",469,134,4,469,138,8,2048,12,88,2,1(SUBCARRIER_SPACE_15_KHZ),1,0,2,11,1,3,0(LL1_STORE_RAR_SUCCESS),24
D04,21802,6,1,1,2,"[64496, 64396]",505,390,4,505,394,8,2048,12,88,2,1(SUBCARRIER_SPACE_15_KHZ),1,0,2,11,1,3,0(LL1_STORE_RAR_SUCCESS),25
D04,21802,8,1,1,2,"[64496, 64396]",522,774,4,522,778,8,2048,12,88,2,1(SUBCARRIER_SPACE_15_KHZ),1,0,2,11,1,3,0(LL1_STORE_RAR_SUCCESS),32
D04,21802,10,1,1,2,"[64496, 64396]",541,134,4,541,138,8,2048,12,88,2,1(SUBCARRIER_SPACE_15_KHZ),1,0,2,11,1,3,0(LL1_STORE_RAR_SUCCESS),26
D04,21802,12,1,1,2,"[64496, 64396]",560,902,4,560,906,8,2048,12,88,2,1(SUBCARRIER_SPACE_15_KHZ),1,0,2,11,1,3,0(LL1_STORE_RAR_SUCCESS),26
D04,21802,16,1,1,2,"[64496, 64396]",593,774,4,593,778,8,2048,12,88,2,1(SUBCARRIER_SPACE_15_KHZ),1,0,2,11,1,3,0(LL1_STORE_RAR_SUCCESS),26
D04,21802,16,2,1,2,"[64496, 64396]",595,838,4,595,842,8,2048,12,88,2,1(SUBCARRIER_SPACE_15_KHZ),1,0,2,11,1,3,0(LL1_STORE_RAR_SUCCESS),26
D04,21802,18,1,1,2,"[64496, 64396]",613,134,4,613,138,8,2048,12,88,2,1(SUBCARRIER_SPACE_15_KHZ),1,0,2,11,1,3,0(LL1_STORE_RAR_SUCCESS),32
D04,21802,20,1,1,2,"[64496, 64396]",630,454,4,630,458,8,2048,12,88,2,1(SUBCARRIER_SPACE_15_KHZ),1,0,2,11,1,3,0(LL1_STORE_RAR_SUCCESS),30
D04,21802,24,1,1,2,"[64496, 64396]",667,454,4,667,458,8,2048,12,88,2,1(SUBCARRIER_SPACE_15_KHZ),1,0,2,11,1,3,0(LL1_STORE_RAR_SUCCESS),35
D04,21802,26,1,1,2,"[64496, 64396]",684,646,4,684,650,8,2048,12,88,2,1(SUBCARRIER_SPACE_15_KHZ),1,0,2,11,1,3,0(LL1_STORE_RAR_SUCCESS),27
D04,21802,28,1,1,2,"[64496, 64396]",702,134,4,702,138,8,2048,12,88,2,1(SUBCARRIER_SPACE_15_KHZ),1,0,2,11,1,3,0(LL1_STORE_RAR_SUCCESS),32
D04,21802,30,1,1,2,"[64496, 64396]",719,454,4,719,458,8,2048,12,88,2,1(SUBCARRIER_SPACE_15_KHZ),1,0,2,11,1,3,0(LL1_STORE_RAR_SUCCESS),33
D04,21901,18,1,0,2,"[64426, 64326]",476,640,8,476,641,9,16,12,88,2,1(SUBCARRIER_SPACE_15_KHZ),1,0,2,4,1,3,0(LL1_STORE_RAR_SUCCESS),23
D04,21901,18,2,0,2,"[64426, 64326]",476,800,8,476,801,9,16,12,88,2,1(SUBCARRIER_SPACE_15_KHZ),2,0,2,4,1,1,0(LL1_STORE_RAR_SUCCESS),20
D04,21902,2,1,1,2,"[64496, 64396]",686,6,4,686,10,8,128,12,88,2,1(SUBCARRIER_SPACE_15_KHZ),1,0,2,7,1,3,0(LL1_STORE_RAR_SUCCESS),46
D04,21902,4,1,1,2,"[64496, 64396]",703,774,4,703,778,8,128,12,88,2,1(SUBCARRIER_SPACE_15_KHZ),1,0,2,7,1,3,0(LL1_STORE_RAR_SUCCESS),37
D04,21902,6,1,1,2,"[64496, 64396]",722,646,4,722,650,8,128,12,88,2,1(SUBCARRIER_SPACE_15_KHZ),1,0,2,7,1,3,0(LL1_STORE_RAR_SUCCESS),37
D04,21902,8,1,1,2,"[64496, 64396]",740,134,4,740,138,8,64,12,88,2,1(SUBCARRIER_SPACE_15_KHZ),1,0,2,6,1,3,0(LL1_STORE_RAR_SUCCESS),43
D04,21902,10,1,1,2,"[64496, 64396]",757,582,4,757,586,8,128,12,88,2,1(SUBCARRIER_SPACE_15_KHZ),1,0,2,7,1,3,0(LL1_STORE_RAR_SUCCESS),41
D04,21902,12,1,1,2,"[64496, 64396]",773,326,4,773,330,8,128,12,88,2,1(SUBCARRIER_SPACE_15_KHZ),1,0,2,7,1,3,0(LL1_STORE_RAR_SUCCESS),46
D04,21902,12,2,1,2,"[64496, 64396]",773,390,4,773,394,8,128,12,88,2,1(SUBCARRIER_SPACE_15_KHZ),1,0,2,7,1,3,0(LL1_STORE_RAR_SUCCESS),36
D04,21902,12,3,1,2,"[64496, 64396]",773,518,4,773,522,8,128,12,88,2,1(SUBCARRIER_SPACE_15_KHZ),1,0,2,7,1,3,0(LL1_STORE_RAR_SUCCESS),36
D04,21902,14,1,1,2,"[64496, 64396]",793,262,4,793,266,8,128,12,88,2,1(SUBCARRIER_SPACE_15_KHZ),1,0,2,7,1,3,0(LL1_STORE_RAR_SUCCESS),43
D04,21902,16,1,1,2,"[64496, 64396]",808,640,8,808,641,9,1,12,88,1,1(SUBCARRIER_SPACE_15_KHZ),2,0,2,0,1,1,0(LL1_STORE_RAR_SUCCESS),46
D04,21902,18,1,1,2,"[64496, 64396]",828,390,4,828,394,8,128,12,88,2,1(SUBCARRIER_SPACE_15_KHZ),1,0,2,7,1,3,0(LL1_STORE_RAR_SUCCESS),39
D04,21902,20,1,1,2,"[64496, 64396]",845,774,4,845,778,8,128,12,88,2,1(SUBCARRIER_SPACE_15_KHZ),1,0,2,7,1,3,0(LL1_STORE_RAR_SUCCESS),42
D04,21902,22,1,1,2,"[64496, 64396]",863,582,4,863,586,8,128,12,88,2,1(SUBCARRIER_SPACE_15_KHZ),1,0,2,7,1,3,0(LL1_STORE_RAR_SUCCESS),41
D04,21902,24,1,1,2,"[64496, 64396]",881,326,4,881,330,8,128,12,88,2,1(SUBCARRIER_SPACE_15_KHZ),1,0,2,7,1,3,0(LL1_STORE_RAR_SUCCESS),42
D04,21902,28,1,1,2,"[64496, 64396]",913,70,4,913,74,8,128,12,88,2,1(SUBCARRIER_SPACE_15_KHZ),1,0,2,7,1,3,0(LL1_STORE_RAR_SUCCESS),37
D04,21902,30,1,1,2,"[64496, 64396]",930,774,4,930,778,8,128,12,88,2,1(SUBCARRIER_SPACE_15_KHZ),1,0,2,7,1,3,0(LL1_STORE_RAR_SUCCESS),36
D10,21802,12,1,1,2,"[64496, 64396]",202,838,4,202,842,8,128,12,88,2,1(SUBCARRIER_SPACE_15_KHZ),1,0,2,7,1,3,0(LL1_STORE_RAR_SUCCESS),42
D10,21803,2,1,1,2,"[64496, 64396]",453,774,4,453,778,8,16,12,88,32,1(SUBCARRIER_SPACE_15_KHZ),0,0,1,4,1,4,0(LL1_STORE_RAR_SUCCESS),29
D10,21803,10,1,1,2,"[64496, 64396]",512,966,4,512,970,8,128,12,88,2,1(SUBCARRIER_SPACE_15_KHZ),1,0,2,7,1,3,0(LL1_STORE_RAR_SUCCESS),41
D10,21803,14,1,1,2,"[64496, 64396]",547,326,4,547,330,8,1,12,88,2,1(SUBCARRIER_SPACE_15_KHZ),1,0,2,0,1,3,0(LL1_STORE_RAR_SUCCESS),24
D10,21803,16,1,1,2,"[64496, 64396]",565,454,4,565,458,8,2048,12,88,2,1(SUBCARRIER_SPACE_15_KHZ),1,0,2,11,1,3,0(LL1_STORE_RAR_SUCCESS),31
D10,21803,22,1,1,2,"[64496, 64396]",618,646,4,618,650,8,2048,12,88,2,1(SUBCARRIER_SPACE_15_KHZ),1,0,2,11,1,3,0(LL1_STORE_RAR_SUCCESS),25
D10,21803,26,1,1,2,"[64496, 64396]",656,774,4,656,778,8,2048,12,88,2,1(SUBCARRIER_SPACE_15_KHZ),1,0,2,11,1,3,0(LL1_STORE_RAR_SUCCESS),29
D10,21803,30,1,1,2,"[64496, 64396]",693,70,4,693,74,8,128,12,88,2,1(SUBCARRIER_SPACE_15_KHZ),1,0,2,7,1,3,0(LL1_STORE_RAR_SUCCESS),43
D10,21901,6,1,1,2,"[64496, 64396]",365,646,4,365,650,8,128,12,88,2,1(SUBCARRIER_SPACE_15_KHZ),1,0,2,7,1,3,0(LL1_STORE_RAR_SUCCESS),45
D10,21901,6,2,1,2,"[64496, 64396]",365,710,4,365,714,8,64,12,88,2,1(SUBCARRIER_SPACE_15_KHZ),1,0,2,6,1,3,0(LL1_STORE_RAR_SUCCESS),39
D10,21901,6,3,1,2,"[64496, 64396]",365,838,4,365,842,8,64,12,88,2,1(SUBCARRIER_SPACE_15_KHZ),1,0,2,6,1,3,0(LL1_STORE_RAR_SUCCESS),42
D10,21901,10,1,1,2,"[64496, 64396]",404,198,4,404,202,8,2048,12,88,2,1(SUBCARRIER_SPACE_15_KHZ),1,0,2,11,1,3,0(LL1_STORE_RAR_SUCCESS),32
D10,21901,24,1,1,2,"[64496, 64396]",522,390,4,522,394,8,128,12,88,2,1(SUBCARRIER_SPACE_15_KHZ),1,0,2,7,1,3,0(LL1_STORE_RAR_SUCCESS),43
D10,21901,26,1,1,2,"[64496, 64396]",544,6,4,544,10,8,2048,12,88,2,1(SUBCARRIER_SPACE_15_KHZ),1,0,2,11,1,3,0(LL1_STORE_RAR_SUCCESS),24
D10,21901,28,1,1,2,"[64496, 64396]",560,838,4,560,842,8,2048,12,88,2,1(SUBCARRIER_SPACE_15_KHZ),1,0,2,11,1,3,0(LL1_STORE_RAR_SUCCESS),29
D10,21901,30,1,1,2,"[64496, 64396]",582,134,4,582,138,8,2048,12,88,2,1(SUBCARRIER_SPACE_15_KHZ),1,0,2,11,1,3,0(LL1_STORE_RAR_SUCCESS),32
D10,21902,5,1,1,2,"[64496, 64396]",706,6,4,706,10,8,2048,12,88,2,1(SUBCARRIER_SPACE_15_KHZ),1,0,2,11,1,3,0(LL1_STORE_RAR_SUCCESS),28
D10,21902,5,2,1,2,"[64496, 64396]",706,70,4,706,74,8,2048,12,88,2,1(SUBCARRIER_SPACE_15_KHZ),1,0,2,11,1,3,0(LL1_STORE_RAR_SUCCESS),34
D10,21902,7,1,1,2,"[64496, 64396]",725,390,4,725,394,8,2048,12,88,2,1(SUBCARRIER_SPACE_15_KHZ),1,0,2,11,1,3,0(LL1_STORE_RAR_SUCCESS),26
D10,21902,7,2,1,2,"[64496, 64396]",725,454,4,725,458,8,2048,12,88,2,1(SUBCARRIER_SPACE_15_KHZ),1,0,2,11,1,3,0(LL1_STORE_RAR_SUCCESS),33
D10,21902,11,1,1,2,"[64426, 64326]",758,838,4,758,842,8,1024,12,88,2,1(SUBCARRIER_SPACE_15_KHZ),1,0,2,10,1,3,0(LL1_STORE_RAR_SUCCESS),28
D10,21902,11,2,0,2,"[64426, 64326]",759,70,4,759,74,8,1024,12,88,2,1(SUBCARRIER_SPACE_15_KHZ),1,0,2,10,1,3,0(LL1_STORE_RAR_SUCCESS),24
D09,22001,2,1,2,2,"[64476, 64376]",188,780,8,188,798,7,16,12,88,32,1(SUBCARRIER_SPACE_15_KHZ),0,0,1,4,1,4,0(LL1_STORE_RAR_SUCCESS),33
D09,22001,4,1,2,2,"[64476, 64376]",207,460,8,207,478,7,512,12,88,32,1(SUBCARRIER_SPACE_15_KHZ),0,0,1,9,1,4,0(LL1_STORE_RAR_SUCCESS),23
D09,22001,6,1,2,2,"[64476, 64376]",226,268,8,226,286,7,16,12,88,32,1(SUBCARRIER_SPACE_15_KHZ),0,0,1,4,1,4,0(LL1_STORE_RAR_SUCCESS),30
D09,22001,8,1,2,2,"[64476, 64376]",244,332,8,244,350,7,16,12,88,32,1(SUBCARRIER_SPACE_15_KHZ),0,0,1,4,1,4,0(LL1_STORE_RAR_SUCCESS),41
D09,22001,10,1,2,2,"[64476, 64376]",265,460,8,265,478,7,16,12,88,32,1(SUBCARRIER_SPACE_15_KHZ),0,0,1,4,1,4,0(LL1_STORE_RAR_SUCCESS),40
D09,22001,12,1,2,2,"[64476, 64376]",283,780,8,283,798,7,16,12,88,32,1(SUBCARRIER_SPACE_15_KHZ),0,0,1,4,1,4,0(LL1_STORE_RAR_SUCCESS),42
D09,22001,14,1,2,2,"[64476, 64376]",302,652,8,302,670,7,16,12,88,32,1(SUBCARRIER_SPACE_15_KHZ),0,0,1,4,1,4,0(LL1_STORE_RAR_SUCCESS),39
D09,22001,16,1,2,2,"[64476, 64376]",321,396,8,321,414,7,16,12,88,32,1(SUBCARRIER_SPACE_15_KHZ),0,0,1,4,1,4,0(LL1_STORE_RAR_SUCCESS),33
D09,22001,18,1,2,2,"[64476, 64376]",340,204,8,340,222,7,16,12,88,32,1(SUBCARRIER_SPACE_15_KHZ),0,0,1,4,1,4,0(LL1_STORE_RAR_SUCCESS),26
D09,22001,20,1,2,2,"[64476, 64376]",359,396,8,359,414,7,16,12,88,32,1(SUBCARRIER_SPACE_15_KHZ),0,0,1,4,1,4,0(LL1_STORE_RAR_SUCCESS),42
D09,22001,22,1,2,2,"[64476, 64376]",378,204,8,378,222,7,16,12,88,32,1(SUBCARRIER_SPACE_15_KHZ),0,0,1,4,1,4,0(LL1_STORE_RAR_SUCCESS),43
D09,22001,24,1,2,2,"[64476, 64376]",396,972,8,396,990,7,512,12,88,32,1(SUBCARRIER_SPACE_15_KHZ),0,0,1,9,1,4,0(LL1_STORE_RAR_SUCCESS),29
D09,22001,26,1,2,2,"[64476, 64376]",415,396,8,415,414,7,512,12,88,32,1(SUBCARRIER_SPACE_15_KHZ),0,0,1,9,1,4,0(LL1_STORE_RAR_SUCCESS),18
D09,22001,28,1,1,2,"[64476, 64376]",434,134,4,434,138,8,16,12,88,32,1(SUBCARRIER_SPACE_15_KHZ),0,0,1,4,1,4,0(LL1_STORE_RAR_SUCCESS),42
D09,22001,30,1,2,2,"[64476, 64376]",452,12,8,452,30,7,128,12,88,4,1(SUBCARRIER_SPACE_15_KHZ),1,0,2,7,1,3,0(LL1_STORE_RAR_SUCCESS),36
D09,22002,2,1,1,2,"[64476, 64376]",18,838,4,18,842,8,2048,12,88,4,1(SUBCARRIER_SPACE_15_KHZ),1,0,2,11,1,3,0(LL1_STORE_RAR_SUCCESS),35
D09,22002,4,1,1,2,"[64476, 64376]",36,838,4,36,842,8,2048,12,88,4,1(SUBCARRIER_SPACE_15_KHZ),1,0,2,11,1,3,0(LL1_STORE_RAR_SUCCESS),28
D09,22002,6,1,1,2,"[64476, 64376]",54,774,4,54,778,8,2048,12,88,4,1(SUBCARRIER_SPACE_15_KHZ),1,0,2,11,1,3,0(LL1_STORE_RAR_SUCCESS),27
D09,22002,8,1,1,2,"[64476, 64376]",72,774,4,72,778,8,2048,12,88,4,1(SUBCARRIER_SPACE_15_KHZ),1,0,2,11,1,3,0(LL1_STORE_RAR_SUCCESS),29
D09,22002,10,1,1,2,"[64476, 64376]",90,774,4,90,778,8,2048,12,88,4,1(SUBCARRIER_SPACE_15_KHZ),1,0,2,11,1,3,0(LL1_STORE_RAR_SUCCESS),25
D09,22002,12,1,1,2,"[64476, 64376]",108,774,4,108,778,8,128,12,88,4,1(SUBCARRIER_SPACE_15_KHZ),1,0,2,7,1,3,0(LL1_STORE_RAR_SUCCESS),47
D09,22002,14,1,1,2,"[64476, 64376]",126,326,4,126,330,8,2048,12,88,4,1(SUBCARRIER_SPACE_15_KHZ),1,0,2,11,1,3,0(LL1_STORE_RAR_SUCCESS),26
D09,22002,18,1,1,2,"[64476, 64376]",162,262,4,162,266,8,2048,12,88,4,1(SUBCARRIER_SPACE_15_KHZ),1,0,2,11,1,3,0(LL1_STORE_RAR_SUCCESS),24
D09,22002,20,1,1,2,"[64476, 64376]",180,262,4,180,266,8,2048,12,88,4,1(SUBCARRIER_SPACE_15_KHZ),1,0,2,11,1,3,0(LL1_STORE_RAR_SUCCESS),31
D09,22002,22,1,1,2,"[64476, 64376]",198,262,4,198,266,8,2048,12,88,4,1(SUBCARRIER_SPACE_15_KHZ),1,0,2,11,1,3,0(LL1_STORE_RAR_SUCCESS),24
D09,22002,24,1,1,2,"[64476, 64376]",216,198,4,216,202,8,128,12,88,4,1(SUBCARRIER_SPACE_15_KHZ),1,0,2,7,1,3,0(LL1_STORE_RAR_SUCCESS),43
D09,22002,26,1,1,2,"[64476, 64376]",233,838,4,233,842,8,128,12,88,4,1(SUBCARRIER_SPACE_15_KHZ),1,0,2,7,1,3,0(LL1_STORE_RAR_SUCCESS),44
D09,22002,28,1,1,2,"[64476, 64376]",249,838,4,249,842,8,128,12,88,4,1(SUBCARRIER_SPACE_15_KHZ),1,0,2,7,1,3,0(LL1_STORE_RAR_SUCCESS),45
D09,22002,30,1,1,2,"[64476, 64376]",269,390,4,269,394,8,128,12,88,4,1(SUBCARRIER_SPACE_15_KHZ),1,0,2,7,1,3,0(LL1_STORE_RAR_SUCCESS),47
D09,22003,2,1,2,2,"[64476, 64376]",871,908,8,871,926,7,16,12,88,32,1(SUBCARRIER_SPACE_15_KHZ),0,0,1,4,1,4,0(LL1_STORE_RAR_SUCCESS),33
D09,22003,4,1,2,2,"[64476, 64376]",890,972,8,890,990,7,16,12,88,32,1(SUBCARRIER_SPACE_15_KHZ),0,0,1,4,1,4,0(LL1_STORE_RAR_SUCCESS),32
D09,22003,6,1,2,2,"[64476, 64376]",910,268,8,910,286,7,16,12,88,32,1(SUBCARRIER_SPACE_15_KHZ),0,0,1,4,1,4,0(LL1_STORE_RAR_SUCCESS),26
D09,22003,8,1,2,2,"[64476, 64376]",929,268,8,929,286,7,16,12,88,32,1(SUBCARRIER_SPACE_15_KHZ),0,0,1,4,1,4,0(LL1_STORE_RAR_SUCCESS),29
D09,22003,10,1,2,2,"[64476, 64376]",949,268,8,949,286,7,16,12,88,32,1(SUBCARRIER_SPACE_15_KHZ),0,0,1,4,1,4,0(LL1_STORE_RAR_SUCCESS),28
D09,22003,12,1,2,2,"[64476, 64376]",968,268,8,968,286,7,16,12,88,32,1(SUBCARRIER_SPACE_15_KHZ),0,0,1,4,1,4,0(LL1_STORE_RAR_SUCCESS),34
D09,22003,14,1,2,2,"[64476, 64376]",987,588,8,987,606,7,1024,12,88,32,1(SUBCARRIER_SPACE_15_KHZ),0,0,1,10,1,4,0(LL1_STORE_RAR_SUCCESS),29
D09,22003,16,1,2,2,"[64476, 64376]",1007,972,8,1007,990,7,16,12,88,32,1(SUBCARRIER_SPACE_15_KHZ),0,0,1,4,1,4,0(LL1_STORE_RAR_SUCCESS),27
D09,22003,18,1,2,2,"[64476, 64376]",1,460,8,1,478,7,512,12,88,32,1(SUBCARRIER_SPACE_15_KHZ),0,0,1,9,1,4,0(LL1_STORE_RAR_SUCCESS),22
D09,22003,20,1,2,2,"[64476, 64376]",21,652,8,21,670,7,16,12,88,32,1(SUBCARRIER_SPACE_15_KHZ),0,0,1,4,1,4,0(LL1_STORE_RAR_SUCCESS),28
D09,22003,22,1,2,2,"[64476, 64376]",40,396,8,40,414,7,16,12,88,32,1(SUBCARRIER_SPACE_15_KHZ),0,0,1,4,1,4,0(LL1_STORE_RAR_SUCCESS),34
D09,22003,24,1,2,2,"[64476, 64376]",60,460,8,60,478,7,16,12,88,32,1(SUBCARRIER_SPACE_15_KHZ),0,0,1,4,1,4,0(LL1_STORE_RAR_SUCCESS),27
D09,22003,26,1,2,2,"[64476, 64376]",79,844,8,79,862,7,1024,12,88,32,1(SUBCARRIER_SPACE_15_KHZ),0,0,1,10,1,4,0(LL1_STORE_RAR_SUCCESS),29
D09,22003,28,1,2,2,"[64476, 64376]",98,268,8,98,286,7,16,12,88,32,1(SUBCARRIER_SPACE_15_KHZ),0,0,1,4,1,4,0(LL1_STORE_RAR_SUCCESS),26
D03,21601,1,1,1,2,"[64476, 64376]",877,6,4,877,10,8,128,12,88,4,1(SUBCARRIER_SPACE_15_KHZ),1,0,2,7,1,3,0(LL1_STORE_RAR_SUCCESS),36
D03,21601,3,1,0,2,"[64476, 64376]",894,704,8,894,705,9,1,12,88,1,1(SUBCARRIER_SPACE_15_KHZ),2,0,2,0,1,1,0(LL1_STORE_RAR_SUCCESS),46
D03,21601,7,1,1,2,"[64476, 64376]",930,454,4,930,458,8,2048,12,88,4,1(SUBCARRIER_SPACE_15_KHZ),1,0,2,11,1,3,0(LL1_STORE_RAR_SUCCESS),30
D03,21601,9,1,1,2,"[64476, 64376]",948,198,4,948,202,8,128,12,88,4,1(SUBCARRIER_SPACE_15_KHZ),1,0,2,7,1,3,0(LL1_STORE_RAR_SUCCESS),45
D03,21601,11,1,1,2,"[64476, 64376]",965,838,4,965,842,8,128,12,88,4,1(SUBCARRIER_SPACE_15_KHZ),1,0,2,7,1,3,0(LL1_STORE_RAR_SUCCESS),38
D03,21601,13,1,1,2,"[64476, 64376]",983,518,4,983,522,8,128,12,88,4,1(SUBCARRIER_SPACE_15_KHZ),1,0,2,7,1,3,0(LL1_STORE_RAR_SUCCESS),47
D03,21601,15,1,1,2,"[64476, 64376]",1001,646,4,1001,650,8,2048,12,88,4,1(SUBCARRIER_SPACE_15_KHZ),1,0,2,11,1,3,0(LL1_STORE_RAR_SUCCESS),29
D03,21601,17,1,1,2,"[64476, 64376]",1019,774,4,1019,778,8,2048,12,88,4,1(SUBCARRIER_SPACE_15_KHZ),1,0,2,11,1,3,0(LL1_STORE_RAR_SUCCESS),27
D03,21601,19,1,1,2,"[64476, 64376]",13,774,4,13,778,8,2048,12,88,4,1(SUBCARRIER_SPACE_15_KHZ),1,0,2,11,1,3,0(LL1_STORE_RAR_SUCCESS),26
D03,21601,21,1,1,2,"[64476, 64376]",31,454,4,31,458,8,2048,12,88,4,1(SUBCARRIER_SPACE_15_KHZ),1,0,2,11,1,3,0(LL1_STORE_RAR_SUCCESS),27
D03,21601,23,1,1,2,"[64476, 64376]",49,582,4,49,586,8,2048,12,88,4,1(SUBCARRIER_SPACE_15_KHZ),1,0,2,11,1,3,0(LL1_STORE_RAR_SUCCESS),34
D03,21601,25,1,1,2,"[64476, 64376]",68,70,4,68,74,8,2048,12,88,4,1(SUBCARRIER_SPACE_15_KHZ),1,0,2,11,1,3,0(LL1_STORE_RAR_SUCCESS),35
D03,21601,27,1,1,2,"[64476, 64376]",86,518,4,86,522,8,128,12,88,4,1(SUBCARRIER_SPACE_15_KHZ),1,0,2,7,1,3,0(LL1_STORE_RAR_SUCCESS),45
D03,21601,29,1,1,2,"[64476, 64376]",104,582,4,104,586,8,128,12,88,4,1(SUBCARRIER_SPACE_15_KHZ),1,0,2,7,1,3,0(LL1_STORE_RAR_SUCCESS),45
D03,21701,1,1,0,2,"[64476, 64376]",479,192,8,479,193,9,1,12,88,1,1(SUBCARRIER_SPACE_15_KHZ),2,0,2,0,1,1,0(LL1_STORE_RAR_SUCCESS),42
D03,21701,3,1,0,2,"[64476, 64376]",496,960,8,496,961,9,1,12,88,1,1(SUBCARRIER_SPACE_15_KHZ),2,0,2,0,1,1,0(LL1_STORE_RAR_SUCCESS),27
D03,21701,5,1,0,2,"[64476, 64376]",514,640,8,514,641,9,1,12,88,1,1(SUBCARRIER_SPACE_15_KHZ),2,0,2,0,1,1,0(LL1_STORE_RAR_SUCCESS),42
D03,21701,7,1,1,2,"[64476, 64376]",532,326,4,532,330,8,2048,12,88,4,1(SUBCARRIER_SPACE_15_KHZ),1,0,2,11,1,3,0(LL1_STORE_RAR_SUCCESS),28
D03,21701,9,1,0,2,"[64476, 64376]",550,0,8,550,1,9,1,12,88,1,1(SUBCARRIER_SPACE_15_KHZ),2,0,2,0,1,1,0(LL1_STORE_RAR_SUCCESS),38
D03,21701,11,1,1,2,"[64476, 64376]",567,774,4,567,778,8,2048,12,88,4,1(SUBCARRIER_SPACE_15_KHZ),1,0,2,11,1,3,0(LL1_STORE_RAR_SUCCESS),28
D03,21701,13,1,0,2,"[64476, 64376]",585,448,8,585,449,9,1,12,88,1,1(SUBCARRIER_SPACE_15_KHZ),2,0,2,0,1,1,0(LL1_STORE_RAR_SUCCESS),42
D03,21701,15,1,0,2,"[64476, 64376]",603,128,8,603,129,9,1,12,88,1,1(SUBCARRIER_SPACE_15_KHZ),2,0,2,0,1,1,0(LL1_STORE_RAR_SUCCESS),45
D03,21701,17,1,0,2,"[64476, 64376]",621,192,8,621,193,9,1,12,88,1,1(SUBCARRIER_SPACE_15_KHZ),2,0,2,0,1,1,0(LL1_STORE_RAR_SUCCESS),37
D03,21701,19,1,0,2,"[64476, 64376]",638,960,8,638,961,9,1,12,88,1,1(SUBCARRIER_SPACE_15_KHZ),2,0,2,0,1,1,0(LL1_STORE_RAR_SUCCESS),41
D03,21701,21,1,0,2,"[64476, 64376]",656,704,8,656,705,9,1,12,88,1,1(SUBCARRIER_SPACE_15_KHZ),2,0,2,0,1,1,0(LL1_STORE_RAR_SUCCESS),47
D03,21701,23,1,0,2,"[64476, 64376]",674,448,8,674,449,9,1,12,88,1,1(SUBCARRIER_SPACE_15_KHZ),2,0,2,0,1,1,0(LL1_STORE_RAR_SUCCESS),44
D03,21701,25,1,0,2,"[64476, 64376]",691,768,8,691,769,9,1,12,88,1,1(SUBCARRIER_SPACE_15_KHZ),2,0,2,0,1,1,0(LL1_STORE_RAR_SUCCESS),47
D03,21701,27,1,0,2,"[64476, 64376]",709,512,8,709,513,9,1,12,88,1,1(SUBCARRIER_SPACE_15_KHZ),2,0,2,0,1,1,0(LL1_STORE_RAR_SUCCESS),47
D03,21701,29,1,0,2,"[64476, 64376]",727,192,8,727,193,9,1,12,88,1,1(SUBCARRIER_SPACE_15_KHZ),2,0,2,0,1,1,0(LL1_STORE_RAR_SUCCESS),41
D03,21801,1,1,1,2,"[64476, 64376]",891,390,4,891,394,8,2048,12,88,4,1(SUBCARRIER_SPACE_15_KHZ),1,0,2,11,1,3,0(LL1_STORE_RAR_SUCCESS),31
D03,21801,3,1,2,2,"[64476, 64376]",909,716,8,909,734,7,16,12,88,32,1(SUBCARRIER_SPACE_15_KHZ),0,0,1,4,1,4,0(LL1_STORE_RAR_SUCCESS),45
D03,21801,5,1,1,2,"[64476, 64376]",927,710,4,927,714,8,128,12,88,4,1(SUBCARRIER_SPACE_15_KHZ),1,0,2,7,1,3,0(LL1_STORE_RAR_SUCCESS),47
D03,21801,7,1,1,2,"[64476, 64376]",945,326,4,945,330,8,2048,12,88,4,1(SUBCARRIER_SPACE_15_KHZ),1,0,2,11,1,3,0(LL1_STORE_RAR_SUCCESS),27
D03,21801,9,1,1,2,"[64476, 64376]",963,70,4,963,74,8,2048,12,88,4,1(SUBCARRIER_SPACE_15_KHZ),1,0,2,11,1,3,0(LL1_STORE_RAR_SUCCESS),19
D03,21801,11,1,1,2,"[64476, 64376]",981,70,4,981,74,8,128,12,88,4,1(SUBCARRIER_SPACE_15_KHZ),1,0,2,7,1,3,0(LL1_STORE_RAR_SUCCESS),47
D03,21801,13,1,1,2,"[64476, 64376]",999,198,4,999,202,8,128,12,88,4,1(SUBCARRIER_SPACE_15_KHZ),1,0,2,7,1,3,0(LL1_STORE_RAR_SUCCESS),41
D03,21801,15,1,1,2,"[64476, 64376]",1016,838,4,1016,842,8,2048,12,88,4,1(SUBCARRIER_SPACE_15_KHZ),1,0,2,11,1,3,0(LL1_STORE_RAR_SUCCESS),21
D03,21801,19,1,1,2,"[64476, 64376]",28,582,4,28,586,8,128,12,88,4,1(SUBCARRIER_SPACE_15_KHZ),1,0,2,7,1,3,0(LL1_STORE_RAR_SUCCESS),42
D03,21801,21,1,1,2,"[64476, 64376]",46,774,4,46,778,8,2048,12,88,4,1(SUBCARRIER_SPACE_15_KHZ),1,0,2,11,1,3,0(LL1_STORE_RAR_SUCCESS),26
D03,21801,23,1,1,2,"[64476, 64376]",64,774,4,64,778,8,2048,12,88,4,1(SUBCARRIER_SPACE_15_KHZ),1,0,2,11,1,3,0(LL1_STORE_RAR_SUCCESS),25
D03,21801,25,1,1,2,"[64476, 64376]",82,838,4,82,842,8,2048,12,88,4,1(SUBCARRIER_SPACE_15_KHZ),1,0,2,11,1,3,0(LL1_STORE_RAR_SUCCESS),22
D03,21801,27,1,1,2,"[64476, 64376]",100,582,4,100,586,8,2048,12,88,4,1(SUBCARRIER_SPACE_15_KHZ),1,0,2,11,1,3,0(LL1_STORE_RAR_SUCCESS),29
D03,21801,29,1,1,2,"[64476, 64376]",118,646,4,118,650,8,2048,12,88,4,1(SUBCARRIER_SPACE_15_KHZ),1,0,2,11,1,3,0(LL1_STORE_RAR_SUCCESS),26
D03,21802,1,1,0,2,"[64476, 64376]",239,0,8,239,1,9,1,12,88,1,1(SUBCARRIER_SPACE_15_KHZ),2,0,2,0,1,1,0(LL1_STORE_RAR_SUCCESS),27
D03,21802,3,1,0,2,"[64476, 64376]",256,704,8,256,705,9,1,12,88,1,1(SUBCARRIER_SPACE_15_KHZ),2,0,2,0,1,1,0(LL1_STORE_RAR_SUCCESS),39
D03,21802,5,1,0,2,"[64476, 64376]",274,448,8,274,449,9,1,12,88,1,1(SUBCARRIER_SPACE_15_KHZ),2,0,2,0,1,1,0(LL1_STORE_RAR_SUCCESS),26
D03,21802,7,1,0,2,"[64476, 64376]",291,768,8,291,769,9,1,12,88,1,1(SUBCARRIER_SPACE_15_KHZ),2,0,2,0,1,1,0(LL1_STORE_RAR_SUCCESS),31
D03,21802,9,1,0,2,"[64476, 64376]",309,512,8,309,513,9,1,12,88,1,1(SUBCARRIER_SPACE_15_KHZ),2,0,2,0,1,1,0(LL1_STORE_RAR_SUCCESS),33
D03,21802,11,1,0,2,"[64476, 64376]",327,640,8,327,641,9,2,12,88,1,1(SUBCARRIER_SPACE_15_KHZ),2,0,2,1,1,1,0(LL1_STORE_RAR_SUCCESS),31
D03,21802,13,1,0,2,"[64476, 64376]",344,896,8,344,897,9,1,12,88,1,1(SUBCARRIER_SPACE_15_KHZ),2,0,2,0,1,1,0(LL1_STORE_RAR_SUCCESS),36
D03,21802,15,1,0,2,"[64476, 64376]",363,128,8,363,129,9,1,12,88,1,1(SUBCARRIER_SPACE_15_KHZ),2,0,2,0,1,1,0(LL1_STORE_RAR_SUCCESS),40
D03,21802,17,1,0,2,"[64476, 64376]",380,384,8,380,385,9,1,12,88,1,1(SUBCARRIER_SPACE_15_KHZ),2,0,2,0,1,1,0(LL1_STORE_RAR_SUCCESS),31
D03,21802,19,1,0,2,"[64476, 64376]",397,832,8,397,833,9,1,12,88,1,1(SUBCARRIER_SPACE_15_KHZ),2,0,2,0,1,1,0(LL1_STORE_RAR_SUCCESS),29
D03,21802,21,1,0,2,"[64476, 64376]",415,512,8,415,513,9,1,12,88,1,1(SUBCARRIER_SPACE_15_KHZ),2,0,2,0,1,1,0(LL1_STORE_RAR_SUCCESS),24
D03,21802,23,1,0,2,"[64476, 64376]",432,832,8,432,833,9,1,12,88,1,1(SUBCARRIER_SPACE_15_KHZ),2,0,2,0,1,1,0(LL1_STORE_RAR_SUCCESS),30
D03,21802,25,1,0,2,"[64476, 64376]",450,704,8,450,705,9,1,12,88,1,1(SUBCARRIER_SPACE_15_KHZ),2,0,2,0,1,1,0(LL1_STORE_RAR_SUCCESS),29
D03,21802,27,1,0,2,"[64476, 64376]",468,704,8,468,705,9,1,12,88,1,1(SUBCARRIER_SPACE_15_KHZ),2,0,2,0,1,1,0(LL1_STORE_RAR_SUCCESS),38
D03,21802,29,1,0,2,"[64476, 64376]",486,448,8,486,449,9,1,12,88,1,1(SUBCARRIER_SPACE_15_KHZ),2,0,2,0,1,1,0(LL1_STORE_RAR_SUCCESS),45
D09,22003,30,1,2,2,"[64476, 64376]",117,460,8,117,478,7,16,12,88,32,1(SUBCARRIER_SPACE_15_KHZ),0,0,1,4,1,4,0(LL1_STORE_RAR_SUCCESS),32
D09,22004,2,1,2,2,"[64476, 64376]",38,908,8,38,926,7,16,12,88,32,1(SUBCARRIER_SPACE_15_KHZ),0,0,1,4,1,4,0(LL1_STORE_RAR_SUCCESS),40
D09,22004,4,1,1,2,"[64476, 64376]",57,198,4,57,202,8,2048,12,88,4,1(SUBCARRIER_SPACE_15_KHZ),1,0,2,11,1,3,0(LL1_STORE_RAR_SUCCESS),26
D09,22004,6,1,1,2,"[64476, 64376]",74,774,4,74,778,8,2048,12,88,4,1(SUBCARRIER_SPACE_15_KHZ),1,0,2,11,1,3,0(LL1_STORE_RAR_SUCCESS),18
D09,22004,8,1,1,2,"[64476, 64376]",92,774,4,92,778,8,2048,12,88,4,1(SUBCARRIER_SPACE_15_KHZ),1,0,2,11,1,3,0(LL1_STORE_RAR_SUCCESS),26
D09,22004,10,1,2,2,"[64476, 64376]",111,268,8,111,286,7,512,12,88,32,1(SUBCARRIER_SPACE_15_KHZ),0,0,1,9,1,4,0(LL1_STORE_RAR_SUCCESS),21
D09,22004,12,1,2,2,"[64476, 64376]",130,140,8,130,158,7,16,12,88,32,1(SUBCARRIER_SPACE_15_KHZ),0,0,1,4,1,4,0(LL1_STORE_RAR_SUCCESS),46
D09,22004,14,1,2,2,"[64476, 64376]",148,844,8,148,862,7,16,12,88,32,1(SUBCARRIER_SPACE_15_KHZ),0,0,1,4,1,4,0(LL1_STORE_RAR_SUCCESS),36
D09,22004,16,1,2,2,"[64476, 64376]",166,908,8,166,926,7,16,12,88,32,1(SUBCARRIER_SPACE_15_KHZ),0,0,1,4,1,4,0(LL1_STORE_RAR_SUCCESS),39
D09,22004,18,1,2,2,"[64476, 64376]",185,268,8,185,286,7,512,12,88,32,1(SUBCARRIER_SPACE_15_KHZ),0,0,1,9,1,4,0(LL1_STORE_RAR_SUCCESS),26
D09,22004,20,1,2,2,"[64476, 64376]",204,396,8,204,414,7,512,12,88,32,1(SUBCARRIER_SPACE_15_KHZ),0,0,1,9,1,4,0(LL1_STORE_RAR_SUCCESS),18
D09,22004,22,1,2,2,"[64476, 64376]",222,908,8,222,926,7,512,12,88,32,1(SUBCARRIER_SPACE_15_KHZ),0,0,1,9,1,4,0(LL1_STORE_RAR_SUCCESS),19
D09,22004,24,1,2,2,"[64476, 64376]",242,76,8,242,94,7,512,12,88,32,1(SUBCARRIER_SPACE_15_KHZ),0,0,1,9,1,4,0(LL1_STORE_RAR_SUCCESS),26
D09,22004,26,1,2,2,"[64476, 64376]",260,780,8,260,798,7,512,12,88,32,1(SUBCARRIER_SPACE_15_KHZ),0,0,1,9,1,4,0(LL1_STORE_RAR_SUCCESS),19
D09,22004,28,1,2,2,"[64476, 64376]",279,588,8,279,606,7,512,12,88,32,1(SUBCARRIER_SPACE_15_KHZ),0,0,1,9,1,4,0(LL1_STORE_RAR_SUCCESS),26
D09,22004,30,1,2,2,"[64476, 64376]",298,396,8,298,414,7,16,12,88,32,1(SUBCARRIER_SPACE_15_KHZ),0,0,1,4,1,4,0(LL1_STORE_RAR_SUCCESS),39
D09,22005,4,1,0,2,"[64476, 64376]",444,832,8,444,833,9,1,12,88,1,1(SUBCARRIER_SPACE_15_KHZ),2,0,2,0,1,1,0(LL1_STORE_RAR_SUCCESS),35
D09,22005,6,1,0,2,"[64476, 64376]",462,512,8,462,513,9,2,12,88,1,1(SUBCARRIER_SPACE_15_KHZ),2,0,2,1,1,1,0(LL1_STORE_RAR_SUCCESS),28
D09,22005,8,1,0,2,"[64476, 64376]",479,704,8,479,705,9,1,12,88,1,1(SUBCARRIER_SPACE_15_KHZ),2,0,2,0,1,1,0(LL1_STORE_RAR_SUCCESS),32
D09,22005,10,1,0,2,"[64476, 64376]",496,832,8,496,833,9,1,12,88,1,1(SUBCARRIER_SPACE_15_KHZ),2,0,2,0,1,1,0(LL1_STORE_RAR_SUCCESS),30
D09,22005,12,1,0,2,"[64476, 64376]",514,512,8,514,513,9,1,12,88,1,1(SUBCARRIER_SPACE_15_KHZ),2,0,2,0,1,1,0(LL1_STORE_RAR_SUCCESS),33
D09,22005,14,1,0,2,"[64476, 64376]",531,704,8,531,705,9,1,12,88,1,1(SUBCARRIER_SPACE_15_KHZ),2,0,2,0,1,1,0(LL1_STORE_RAR_SUCCESS),27
D09,22005,16,1,0,2,"[64476, 64376]",548,832,8,548,833,9,1,12,88,1,1(SUBCARRIER_SPACE_15_KHZ),2,0,2,0,1,1,0(LL1_STORE_RAR_SUCCESS),30
D09,22005,18,1,0,2,"[64476, 64376]",566,512,8,566,513,9,1,12,88,1,1(SUBCARRIER_SPACE_15_KHZ),2,0,2,0,1,1,0(LL1_STORE_RAR_SUCCESS),35
D09,22005,20,1,0,2,"[64476, 64376]",583,704,8,583,705,9,1,12,88,1,1(SUBCARRIER_SPACE_15_KHZ),2,0,2,0,1,1,0(LL1_STORE_RAR_SUCCESS),29
D09,22005,22,1,0,2,"[64476, 64376]",600,896,8,600,897,9,1,12,88,1,1(SUBCARRIER_SPACE_15_KHZ),2,0,2,0,1,1,0(LL1_STORE_RAR_SUCCESS),25
D09,22005,24,1,0,2,"[64476, 64376]",618,512,8,618,513,9,1,12,88,1,1(SUBCARRIER_SPACE_15_KHZ),2,0,2,0,1,1,0(LL1_STORE_RAR_SUCCESS),35
D09,22005,26,1,0,2,"[64476, 64376]",635,704,8,635,705,9,1,12,88,1,1(SUBCARRIER_SPACE_15_KHZ),2,0,2,0,1,1,0(LL1_STORE_RAR_SUCCESS),34
D09,22005,28,1,0,2,"[64476, 64376]",652,896,8,652,897,9,1,12,88,1,1(SUBCARRIER_SPACE_15_KHZ),2,0,2,0,1,1,0(LL1_STORE_RAR_SUCCESS),26
D09,22005,30,1,0,2,"[64476, 64376]",670,512,8,670,513,9,1,12,88,1,1(SUBCARRIER_SPACE_15_KHZ),2,0,2,0,1,1,0(LL1_STORE_RAR_SUCCESS),31
D09,22006,2,1,0,2,"[64476, 64376]",876,0,8,876,1,9,1,12,88,1,1(SUBCARRIER_SPACE_15_KHZ),2,0,2,0,1,1,0(LL1_STORE_RAR_SUCCESS),30
D09,22006,4,1,0,2,"[64476, 64376]",893,640,8,893,641,9,1,12,88,1,1(SUBCARRIER_SPACE_15_KHZ),2,0,2,0,1,1,0(LL1_STORE_RAR_SUCCESS),29
D09,22006,6,1,0,2,"[64476, 64376]",911,128,8,911,129,9,1,12,88,1,1(SUBCARRIER_SPACE_15_KHZ),2,0,2,0,1,1,0(LL1_STORE_RAR_SUCCESS),25
D09,22006,8,1,0,2,"[64476, 64376]",928,384,8,928,385,9,1,12,88,1,1(SUBCARRIER_SPACE_15_KHZ),2,0,2,0,1,1,0(LL1_STORE_RAR_SUCCESS),27
D09,22006,10,1,0,2,"[64476, 64376]",946,0,8,946,1,9,1,12,88,1,1(SUBCARRIER_SPACE_15_KHZ),2,0,2,0,1,1,0(LL1_STORE_RAR_SUCCESS),30
D09,22006,12,1,0,2,"[64476, 64376]",963,192,8,963,193,9,1,12,88,1,1(SUBCARRIER_SPACE_15_KHZ),2,0,2,0,1,1,0(LL1_STORE_RAR_SUCCESS),30
D09,22006,14,1,0,2,"[64476, 64376]",980,320,8,980,321,9,1,12,88,1,1(SUBCARRIER_SPACE_15_KHZ),2,0,2,0,1,1,0(LL1_STORE_RAR_SUCCESS),30
D09,22006,16,1,0,2,"[64476, 64376]",998,0,8,998,1,9,1,12,88,1,1(SUBCARRIER_SPACE_15_KHZ),2,0,2,0,1,1,0(LL1_STORE_RAR_SUCCESS),27
D09,22006,18,1,0,2,"[64476, 64376]",1015,192,8,1015,193,9,1,12,88,1,1(SUBCARRIER_SPACE_15_KHZ),2,0,2,0,1,1,0(LL1_STORE_RAR_SUCCESS),28
D09,22006,20,1,0,2,"[64476, 64376]",8,320,8,8,321,9,1,12,88,1,1(SUBCARRIER_SPACE_15_KHZ),2,0,2,0,1,1,0(LL1_STORE_RAR_SUCCESS),33
D09,22006,22,1,0,2,"[64476, 64376]",26,0,8,26,1,9,1,12,88,1,1(SUBCARRIER_SPACE_15_KHZ),2,0,2,0,1,1,0(LL1_STORE_RAR_SUCCESS),26
D09,22006,24,1,0,2,"[64476, 64376]",43,192,8,43,193,9,1,12,88,1,1(SUBCARRIER_SPACE_15_KHZ),2,0,2,0,1,1,0(LL1_STORE_RAR_SUCCESS),28
D09,22006,26,1,0,2,"[64476, 64376]",60,320,8,60,321,9,1,12,88,1,1(SUBCARRIER_SPACE_15_KHZ),2,0,2,0,1,1,0(LL1_STORE_RAR_SUCCESS),24
D09,22006,28,1,0,2,"[64476, 64376]",78,0,8,78,1,9,1,12,88,1,1(SUBCARRIER_SPACE_15_KHZ),2,0,2,0,1,1,0(LL1_STORE_RAR_SUCCESS),32
D09,22006,30,1,0,2,"[64476, 64376]",95,192,8,95,193,9,1,12,88,1,1(SUBCARRIER_SPACE_15_KHZ),2,0,2,0,1,1,0(LL1_STORE_RAR_SUCCESS),31
D09,22101,2,1,0,2,"[64476, 64376]",369,0,8,369,1,9,1,12,88,1,1(SUBCARRIER_SPACE_15_KHZ),2,0,2,0,1,1,0(LL1_STORE_RAR_SUCCESS),35
D09,22101,6,1,0,2,"[64476, 64376]",404,704,8,404,705,9,1,12,88,1,1(SUBCARRIER_SPACE_15_KHZ),2,0,2,0,1,1,0(LL1_STORE_RAR_SUCCESS),31
D09,22101,8,1,1,2,"[64476, 64376]",422,6,4,422,10,8,2048,12,88,4,1(SUBCARRIER_SPACE_15_KHZ),1,0,2,11,1,3,0(LL1_STORE_RAR_SUCCESS),35
D09,22101,10,1,0,2,"[64476, 64376]",439,512,8,439,513,9,1,12,88,1,1(SUBCARRIER_SPACE_15_KHZ),2,0,2,0,1,1,0(LL1_STORE_RAR_SUCCESS),25
D09,22101,12,1,0,2,"[64476, 64376]",456,704,8,456,705,9,1,12,88,1,1(SUBCARRIER_SPACE_15_KHZ),2,0,2,0,1,1,0(LL1_STORE_RAR_SUCCESS),29
D09,22101,14,1,0,2,"[64476, 64376]",473,896,8,473,897,9,1,12,88,1,1(SUBCARRIER_SPACE_15_KHZ),2,0,2,0,1,1,0(LL1_STORE_RAR_SUCCESS),28
D09,22101,16,1,0,2,"[64476, 64376]",491,512,8,491,513,9,1,12,88,1,1(SUBCARRIER_SPACE_15_KHZ),2,0,2,0,1,1,0(LL1_STORE_RAR_SUCCESS),28
D09,22101,18,1,0,2,"[64476, 64376]",509,128,8,509,129,9,1,12,88,1,1(SUBCARRIER_SPACE_15_KHZ),2,0,2,0,1,1,0(LL1_STORE_RAR_SUCCESS),30
D09,22101,20,1,0,2,"[64476, 64376]",526,704,8,526,705,9,1,12,88,1,1(SUBCARRIER_SPACE_15_KHZ),2,0,2,0,1,1,0(LL1_STORE_RAR_SUCCESS),33
D09,22102,2,1,1,2,"[64476, 64376]",164,326,4,164,330,8,2048,12,88,4,1(SUBCARRIER_SPACE_15_KHZ),1,0,2,11,1,3,0(LL1_STORE_RAR_SUCCESS),27
D09,22102,4,1,1,2,"[64476, 64376]",182,326,4,182,330,8,2048,12,88,4,1(SUBCARRIER_SPACE_15_KHZ),1,0,2,11,1,3,0(LL1_STORE_RAR_SUCCESS),30
D09,22102,6,1,1,2,"[64476, 64376]",200,326,4,200,330,8,2048,12,88,4,1(SUBCARRIER_SPACE_15_KHZ),1,0,2,11,1,3,0(LL1_STORE_RAR_SUCCESS),33
D09,22102,8,1,1,2,"[64476, 64376]",218,838,4,218,842,8,16,12,88,32,1(SUBCARRIER_SPACE_15_KHZ),0,0,1,4,1,4,0(LL1_STORE_RAR_SUCCESS),41
D09,22102,10,1,2,2,"[64476, 64376]",236,908,8,236,926,7,16,12,88,32,1(SUBCARRIER_SPACE_15_KHZ),0,0,1,4,1,4,0(LL1_STORE_RAR_SUCCESS),46
D09,22102,12,1,1,2,"[64476, 64376]",255,518,4,255,522,8,128,12,88,4,1(SUBCARRIER_SPACE_15_KHZ),1,0,2,7,1,3,0(LL1_STORE_RAR_SUCCESS),45
D09,22102,14,1,1,2,"[64476, 64376]",273,198,4,273,202,8,16,12,88,32,1(SUBCARRIER_SPACE_15_KHZ),0,0,1,4,1,4,0(LL1_STORE_RAR_SUCCESS),39
D09,22102,16,1,1,2,"[64476, 64376]",291,70,4,291,74,8,128,12,88,4,1(SUBCARRIER_SPACE_15_KHZ),1,0,2,7,1,3,0(LL1_STORE_RAR_SUCCESS),41
D09,22102,18,1,2,2,"[64476, 64376]",309,588,8,309,606,7,16,12,88,32,1(SUBCARRIER_SPACE_15_KHZ),0,0,1,4,1,4,0(LL1_STORE_RAR_SUCCESS),47
D09,22102,20,1,2,2,"[64476, 64376]",328,396,8,328,414,7,512,12,88,32,1(SUBCARRIER_SPACE_15_KHZ),0,0,1,9,1,4,0(LL1_STORE_RAR_SUCCESS),26
D09,22103,2,1,1,2,"[64476, 64376]",426,518,4,426,522,8,128,12,88,4,1(SUBCARRIER_SPACE_15_KHZ),1,0,2,7,1,3,0(LL1_STORE_RAR_SUCCESS),44
D09,22103,4,1,1,2,"[64476, 64376]",444,518,4,444,522,8,128,12,88,4,1(SUBCARRIER_SPACE_15_KHZ),1,0,2,7,1,3,0(LL1_STORE_RAR_SUCCESS),39
D09,22103,6,1,1,2,"[64476, 64376]",462,70,4,462,74,8,128,12,88,4,1(SUBCARRIER_SPACE_15_KHZ),1,0,2,7,1,3,0(LL1_STORE_RAR_SUCCESS),45
D09,22103,8,1,1,2,"[64476, 64376]",480,70,4,480,74,8,128,12,88,4,1(SUBCARRIER_SPACE_15_KHZ),1,0,2,7,1,3,0(LL1_STORE_RAR_SUCCESS),39
D09,22103,10,1,1,2,"[64476, 64376]",498,6,4,498,10,8,128,12,88,4,1(SUBCARRIER_SPACE_15_KHZ),1,0,2,7,1,3,0(LL1_STORE_RAR_SUCCESS),40
D09,22103,12,1,1,2,"[64476, 64376]",515,710,4,515,714,8,128,12,88,4,1(SUBCARRIER_SPACE_15_KHZ),1,0,2,7,1,3,0(LL1_STORE_RAR_SUCCESS),46
D09,22103,14,1,1,2,"[64476, 64376]",533,262,4,533,266,8,2048,12,88,4,1(SUBCARRIER_SPACE_15_KHZ),1,0,2,11,1,3,0(LL1_STORE_RAR_SUCCESS),34
D09,22103,16,1,1,2,"[64476, 64376]",550,838,4,550,842,8,128,12,88,4,1(SUBCARRIER_SPACE_15_KHZ),1,0,2,7,1,3,0(LL1_STORE_RAR_SUCCESS),37
D09,22103,18,1,1,2,"[64476, 64376]",568,838,4,568,842,8,2048,12,88,4,1(SUBCARRIER_SPACE_15_KHZ),1,0,2,11,1,3,0(LL1_STORE_RAR_SUCCESS),24
D09,22103,20,1,1,2,"[64476, 64376]",586,390,4,586,394,8,128,12,88,4,1(SUBCARRIER_SPACE_15_KHZ),1,0,2,7,1,3,0(LL1_STORE_RAR_SUCCESS),42
D09,22104,2,1,1,2,"[64476, 64376]",444,838,4,444,842,8,16,12,88,32,1(SUBCARRIER_SPACE_15_KHZ),0,0,1,4,1,4,0(LL1_STORE_RAR_SUCCESS),38
D09,22104,4,1,2,2,"[64476, 64376]",463,716,8,463,734,7,16,12,88,32,1(SUBCARRIER_SPACE_15_KHZ),0,0,1,4,1,4,0(LL1_STORE_RAR_SUCCESS),32
D09,22104,6,1,1,2,"[64476, 64376]",481,70,4,481,74,8,128,12,88,4,1(SUBCARRIER_SPACE_15_KHZ),1,0,2,7,1,3,0(LL1_STORE_RAR_SUCCESS),47
D09,22104,8,1,1,2,"[64476, 64376]",499,198,4,499,202,8,16,12,88,32,1(SUBCARRIER_SPACE_15_KHZ),0,0,1,4,1,4,0(LL1_STORE_RAR_SUCCESS),41
D09,22104,10,1,2,2,"[64476, 64376]",517,972,8,517,990,7,512,12,88,32,1(SUBCARRIER_SPACE_15_KHZ),0,0,1,9,1,4,0(LL1_STORE_RAR_SUCCESS),29
D09,22104,12,1,1,2,"[64476, 64376]",535,518,4,535,522,8,128,12,88,4,1(SUBCARRIER_SPACE_15_KHZ),1,0,2,7,1,3,0(LL1_STORE_RAR_SUCCESS),46
D09,22104,14,1,1,2,"[64476, 64376]",553,198,4,553,202,8,16,12,88,32,1(SUBCARRIER_SPACE_15_KHZ),0,0,1,4,1,4,0(LL1_STORE_RAR_SUCCESS),43
D09,22104,16,1,1,2,"[64476, 64376]",571,70,4,571,74,8,128,12,88,4,1(SUBCARRIER_SPACE_15_KHZ),1,0,2,7,1,3,0(LL1_STORE_RAR_SUCCESS),44
D09,22104,18,1,1,2,"[64476, 64376]",589,6,4,589,10,8,128,12,88,4,1(SUBCARRIER_SPACE_15_KHZ),1,0,2,7,1,3,0(LL1_STORE_RAR_SUCCESS),39
D09,22104,20,1,1,2,"[64476, 64376]",607,6,4,607,10,8,128,12,88,4,1(SUBCARRIER_SPACE_15_KHZ),1,0,2,7,1,3,0(LL1_STORE_RAR_SUCCESS),38
D09,22105,2,1,2,2,"[64476, 64376]",724,332,8,724,350,7,16,12,88,32,1(SUBCARRIER_SPACE_15_KHZ),0,0,1,4,1,4,0(LL1_STORE_RAR_SUCCESS),38
D09,22105,4,1,2,2,"[64476, 64376]",743,204,8,743,222,7,16,12,88,32,1(SUBCARRIER_SPACE_15_KHZ),0,0,1,4,1,4,0(LL1_STORE_RAR_SUCCESS),39
D09,22105,6,1,2,2,"[64476, 64376]",761,908,8,761,926,7,16,12,88,32,1(SUBCARRIER_SPACE_15_KHZ),0,0,1,4,1,4,0(LL1_STORE_RAR_SUCCESS),32
D09,22105,8,1,2,2,"[64476, 64376]",780,396,8,780,414,7,16,12,88,32,1(SUBCARRIER_SPACE_15_KHZ),0,0,1,4,1,4,0(LL1_STORE_RAR_SUCCESS),28
D09,22105,10,1,2,2,"[64476, 64376]",799,76,8,799,94,7,16,12,88,32,1(SUBCARRIER_SPACE_15_KHZ),0,0,1,4,1,4,0(LL1_STORE_RAR_SUCCESS),28
D09,22105,12,1,2,2,"[64476, 64376]",817,908,8,817,926,7,16,12,88,32,1(SUBCARRIER_SPACE_15_KHZ),0,0,1,4,1,4,0(LL1_STORE_RAR_SUCCESS),41
D09,22105,14,1,2,2,"[64476, 64376]",836,268,8,836,286,7,16,12,88,32,1(SUBCARRIER_SPACE_15_KHZ),0,0,1,4,1,4,0(LL1_STORE_RAR_SUCCESS),33
D09,22105,16,1,2,2,"[64476, 64376]",855,140,8,855,158,7,16,12,88,32,1(SUBCARRIER_SPACE_15_KHZ),0,0,1,4,1,4,0(LL1_STORE_RAR_SUCCESS),33
D09,22105,18,1,2,2,"[64476, 64376]",873,844,8,873,862,7,16,12,88,32,1(SUBCARRIER_SPACE_15_KHZ),0,0,1,4,1,4,0(LL1_STORE_RAR_SUCCESS),46
D09,22105,20,1,2,2,"[64476, 64376]",892,716,8,892,734,7,16,12,88,32,1(SUBCARRIER_SPACE_15_KHZ),0,0,1,4,1,4,0(LL1_STORE_RAR_SUCCESS),27
D09,22106,2,1,1,2,"[64476, 64376]",1000,262,4,1000,266,8,16,12,88,32,1(SUBCARRIER_SPACE_15_KHZ),0,0,1,4,1,4,0(LL1_STORE_RAR_SUCCESS),36
D09,22106,4,1,1,2,"[64476, 64376]",1018,518,4,1018,522,8,2048,12,88,4,1(SUBCARRIER_SPACE_15_KHZ),1,0,2,11,1,3,0(LL1_STORE_RAR_SUCCESS),29
D09,22106,6,1,1,2,"[64476, 64376]",13,390,4,13,394,8,16,12,88,32,1(SUBCARRIER_SPACE_15_KHZ),0,0,1,4,1,4,0(LL1_STORE_RAR_SUCCESS),31
D09,22106,8,1,1,2,"[64476, 64376]",32,134,4,32,138,8,2048,12,88,4,1(SUBCARRIER_SPACE_15_KHZ),1,0,2,11,1,3,0(LL1_STORE_RAR_SUCCESS),35
D09,22106,10,1,1,2,"[64476, 64376]",49,70,4,49,74,8,2048,12,88,4,1(SUBCARRIER_SPACE_15_KHZ),1,0,2,11,1,3,0(LL1_STORE_RAR_SUCCESS),28
D09,22106,12,1,2,2,"[64476, 64376]",69,844,8,69,862,7,16,12,88,32,1(SUBCARRIER_SPACE_15_KHZ),0,0,1,4,1,4,0(LL1_STORE_RAR_SUCCESS),30
D09,22106,14,1,2,2,"[64476, 64376]",88,652,8,88,670,7,16,12,88,32,1(SUBCARRIER_SPACE_15_KHZ),0,0,1,4,1,4,0(LL1_STORE_RAR_SUCCESS),43
D09,22106,16,1,2,2,"[64476, 64376]",108,204,8,108,222,7,16,12,88,32,1(SUBCARRIER_SPACE_15_KHZ),0,0,1,4,1,4,0(LL1_STORE_RAR_SUCCESS),40
D09,22106,18,1,2,2,"[64476, 64376]",127,396,8,127,414,7,512,12,88,32,1(SUBCARRIER_SPACE_15_KHZ),0,0,1,9,1,4,0(LL1_STORE_RAR_SUCCESS),25
D09,22106,20,1,2,2,"[64476, 64376]",145,844,8,145,862,7,16,12,88,32,1(SUBCARRIER_SPACE_15_KHZ),0,0,1,4,1,4,0(LL1_STORE_RAR_SUCCESS),39
D09,22107,2,1,2,2,"[64476, 64376]",808,972,8,808,990,7,16,12,88,32,1(SUBCARRIER_SPACE_15_KHZ),0,0,1,4,1,4,0(LL1_STORE_RAR_SUCCESS),47
D09,22107,6,1,2,2,"[64476, 64376]",838,396,8,838,414,7,32,12,88,32,1(SUBCARRIER_SPACE_15_KHZ),0,0,1,5,1,4,0(LL1_STORE_RAR_SUCCESS),46
D09,22107,8,1,2,2,"[64476, 64376]",858,588,8,858,606,7,64,12,88,32,1(SUBCARRIER_SPACE_15_KHZ),0,0,1,6,1,4,0(LL1_STORE_RAR_SUCCESS),46
D09,22107,10,1,1,2,"[64476, 64376]",877,454,4,877,458,8,16,12,88,32,1(SUBCARRIER_SPACE_15_KHZ),0,0,1,4,1,4,0(LL1_STORE_RAR_SUCCESS),46
D09,22107,12,1,2,2,"[64476, 64376]",894,780,8,894,798,7,16,12,88,32,1(SUBCARRIER_SPACE_15_KHZ),0,0,1,4,1,4,0(LL1_STORE_RAR_SUCCESS),38
D09,22107,16,1,1,2,"[64476, 64376]",932,646,4,932,650,8,128,12,88,4,1(SUBCARRIER_SPACE_15_KHZ),1,0,2,7,1,3,0(LL1_STORE_RAR_SUCCESS),37
D09,22107,18,1,1,2,"[64476, 64376]",951,838,4,951,842,8,128,12,88,4,1(SUBCARRIER_SPACE_15_KHZ),1,0,2,7,1,3,0(LL1_STORE_RAR_SUCCESS),47
D09,22107,20,1,1,2,"[64476, 64376]",969,774,4,969,778,8,128,12,88,4,1(SUBCARRIER_SPACE_15_KHZ),1,0,2,7,1,3,0(LL1_STORE_RAR_SUCCESS),36
D09,22108,2,1,1,2,"[64476, 64376]",50,198,4,50,202,8,128,12,88,4,1(SUBCARRIER_SPACE_15_KHZ),1,0,2,7,1,3,0(LL1_STORE_RAR_SUCCESS),42
D09,22108,6,1,1,2,"[64476, 64376]",87,838,4,87,842,8,128,12,88,4,1(SUBCARRIER_SPACE_15_KHZ),1,0,2,7,1,3,0(LL1_STORE_RAR_SUCCESS),43
D09,22108,10,1,1,2,"[64476, 64376]",116,518,4,116,522,8,128,12,88,4,1(SUBCARRIER_SPACE_15_KHZ),1,0,2,7,1,3,0(LL1_STORE_RAR_SUCCESS),40
D09,22108,12,1,1,2,"[64476, 64376]",133,454,4,133,458,8,128,12,88,4,1(SUBCARRIER_SPACE_15_KHZ),1,0,2,7,1,3,0(LL1_STORE_RAR_SUCCESS),37
D09,22108,14,1,2,2,"[64476, 64376]",150,524,8,150,542,7,16,12,88,32,1(SUBCARRIER_SPACE_15_KHZ),0,0,1,4,1,4,0(LL1_STORE_RAR_SUCCESS),40
D09,22108,16,1,2,2,"[64476, 64376]",170,204,8,170,222,7,16,12,88,32,1(SUBCARRIER_SPACE_15_KHZ),0,0,1,4,1,4,0(LL1_STORE_RAR_SUCCESS),41
D09,22108,18,1,2,2,"[64476, 64376]",191,12,8,191,30,7,16,12,88,32,1(SUBCARRIER_SPACE_15_KHZ),0,0,1,4,1,4,0(LL1_STORE_RAR_SUCCESS),40
D09,22109,2,1,2,2,"[64476, 64376]",294,524,8,294,542,7,16,12,88,32,1(SUBCARRIER_SPACE_15_KHZ),0,0,1,4,1,4,0(LL1_STORE_RAR_SUCCESS),38
D09,22109,4,1,2,2,"[64476, 64376]",313,396,8,313,414,7,16,12,88,32,1(SUBCARRIER_SPACE_15_KHZ),0,0,1,4,1,4,0(LL1_STORE_RAR_SUCCESS),47
D09,22109,6,1,2,2,"[64476, 64376]",333,332,8,333,350,7,16,12,88,32,1(SUBCARRIER_SPACE_15_KHZ),0,0,1,4,1,4,0(LL1_STORE_RAR_SUCCESS),44
D09,22109,8,1,2,2,"[64476, 64376]",351,780,8,351,798,7,16,12,88,32,1(SUBCARRIER_SPACE_15_KHZ),0,0,1,4,1,4,0(LL1_STORE_RAR_SUCCESS),41
D09,22109,8,2,2,2,"[64476, 64376]",353,972,8,353,990,7,16,12,88,32,1(SUBCARRIER_SPACE_15_KHZ),0,0,1,4,1,4,0(LL1_STORE_RAR_SUCCESS),46
D09,22109,10,1,2,2,"[64476, 64376]",369,908,8,369,926,7,16,12,88,32,1(SUBCARRIER_SPACE_15_KHZ),0,0,1,4,1,4,0(LL1_STORE_RAR_SUCCESS),45
D09,22109,12,1,2,2,"[64476, 64376]",390,396,8,390,414,7,16,12,88,32,1(SUBCARRIER_SPACE_15_KHZ),0,0,1,4,1,4,0(LL1_STORE_RAR_SUCCESS),41
D09,22109,16,1,2,2,"[64476, 64376]",422,524,8,422,542,7,16,12,88,32,1(SUBCARRIER_SPACE_15_KHZ),0,0,1,4,1,4,0(LL1_STORE_RAR_SUCCESS),41
D09,22109,18,1,2,2,"[64476, 64376]",440,780,8,440,798,7,16,12,88,32,1(SUBCARRIER_SPACE_15_KHZ),0,0,1,4,1,4,0(LL1_STORE_RAR_SUCCESS),43
D09,22109,20,1,2,2,"[64476, 64376]",458,396,8,458,414,7,16,12,88,32,1(SUBCARRIER_SPACE_15_KHZ),0,0,1,4,1,4,0(LL1_STORE_RAR_SUCCESS),37
D09,22110,6,1,2,2,"[64476, 64376]",650,204,8,650,222,7,16,12,88,32,1(SUBCARRIER_SPACE_15_KHZ),0,0,1,4,1,4,0(LL1_STORE_RAR_SUCCESS),36
D09,22110,10,1,2,2,"[64476, 64376]",687,12,8,687,30,7,16,12,88,32,1(SUBCARRIER_SPACE_15_KHZ),0,0,1,4,1,4,0(LL1_STORE_RAR_SUCCESS),37
D09,22110,12,1,2,2,"[64476, 64376]",705,204,8,705,222,7,64,12,88,4,1(SUBCARRIER_SPACE_15_KHZ),1,0,2,6,1,3,0(LL1_STORE_RAR_SUCCESS),39
D09,22110,14,1,2,2,"[64476, 64376]",724,844,8,724,862,7,16,12,88,32,1(SUBCARRIER_SPACE_15_KHZ),0,0,1,4,1,4,0(LL1_STORE_RAR_SUCCESS),47
D09,22110,16,1,2,2,"[64476, 64376]",741,844,8,741,862,7,16,12,88,32,1(SUBCARRIER_SPACE_15_KHZ),0,0,1,4,1,4,0(LL1_STORE_RAR_SUCCESS),41
D09,22110,18,1,2,2,"[64476, 64376]",762,460,8,762,478,7,16,12,88,32,1(SUBCARRIER_SPACE_15_KHZ),0,0,1,4,1,4,0(LL1_STORE_RAR_SUCCESS),40
D09,22110,20,1,2,2,"[64476, 64376]",10,524,8,10,542,7,16,12,88,8,1(SUBCARRIER_SPACE_15_KHZ),0,0,1,4,1,4,0(LL1_STORE_RAR_SUCCESS),37
D09,22111,2,1,2,2,"[64476, 64376]",865,332,8,865,350,7,128,12,88,4,1(SUBCARRIER_SPACE_15_KHZ),1,0,2,7,1,3,0(LL1_STORE_RAR_SUCCESS),38
D09,22111,4,1,1,2,"[64476, 64376]",883,326,4,883,330,8,128,12,88,4,1(SUBCARRIER_SPACE_15_KHZ),1,0,2,7,1,3,0(LL1_STORE_RAR_SUCCESS),41
D09,22111,6,1,1,2,"[64476, 64376]",901,262,4,901,266,8,128,12,88,4,1(SUBCARRIER_SPACE_15_KHZ),1,0,2,7,1,3,0(LL1_STORE_RAR_SUCCESS),42
D09,22111,8,1,1,2,"[64476, 64376]",917,390,4,917,394,8,128,12,88,4,1(SUBCARRIER_SPACE_15_KHZ),1,0,2,7,1,3,0(LL1_STORE_RAR_SUCCESS),43
D09,22111,10,1,1,2,"[64476, 64376]",937,262,4,937,266,8,128,12,88,4,1(SUBCARRIER_SPACE_15_KHZ),1,0,2,7,1,3,0(LL1_STORE_RAR_SUCCESS),44
D09,22111,12,1,1,2,"[64476, 64376]",953,326,4,953,330,8,128,12,88,4,1(SUBCARRIER_SPACE_15_KHZ),1,0,2,7,1,3,0(LL1_STORE_RAR_SUCCESS),45
D09,22111,14,1,1,2,"[64476, 64376]",973,262,4,973,266,8,64,12,88,4,1(SUBCARRIER_SPACE_15_KHZ),1,0,2,6,1,3,0(LL1_STORE_RAR_SUCCESS),36
D09,22111,16,1,1,2,"[64476, 64376]",992,838,4,992,842,8,64,12,88,4,1(SUBCARRIER_SPACE_15_KHZ),1,0,2,6,1,3,0(LL1_STORE_RAR_SUCCESS),42
D09,22111,18,1,1,2,"[64476, 64376]",1010,838,4,1010,842,8,128,12,88,4,1(SUBCARRIER_SPACE_15_KHZ),1,0,2,7,1,3,0(LL1_STORE_RAR_SUCCESS),42
